Name,ID
Aaliyah,215
Abraham,228
Adrian,236
Adrianna,217
Aidan,235
Alondra,214
Angel,240
Antonio,230
Ariana,231
Bailey,208
Briana,249
Bryce,205
Charlotte,232
Colton,234
Conner,225
Connor,244
Courtney,247
Damian,242
Daniel,213
Edgar,203
Emily,248
Eric,233
Fernando,216
George,210
Gracie,223
Jacob,226
Jade,204
Jose,246
Joseph,209
Karen,250
Kennedy,211
Lucas,202
Luis,201
Madelyn,224
Malachi,238
Mario,227
Miguel,243
Nicolas,237
Raymond,219
Robert,221
Ryan,218
Sara,245
Sierra,212
Stephanie,241
Timothy,206
Tyler,220
Veronica,207
Wesley,229
William,239
Zachary,222
