Name,ID
Adam,133
Addison,103
Alan,131
Alexis,111
Amber,119
Arianna,122
Aubrey,126
Bianca,128
Braden,104
Brittany,102
Bryson,125
Camila,113
Catherine,112
Chloe,120
Cristian,135
Daniela,116
Diego,149
Ellie,118
Emmanuel,123
Gabrielle,114
Giselle,132
Hailey,105
Jackson,109
Jalen,134
Jasmine,141
Jayden,107
Jazmin,127
Joel,144
Jordyn,124
Jorge,145
Julian,115
Kaleb,142
Katherine,108
Leslie,136
Liliana,146
Lilly,138
Mason,129
Matthew,137
Mckenzie,140
Melanie,147
Micah,121
Michelle,139
Patrick,106
Paul,117
Peyton,101
Sofia,150
Spencer,110
Trenton,130
Vincent,148
Xavier,143
