Name,ID
Adriana,79
Alex,56
Alexis,78
Amelia,63
Ava,73
Breanna,98
Caleb,52
Carlos,96
Caroline,70
Charles,71
Christina,54
Christopher,58
Dylan,55
Erica,92
Ethan,61
Eva,75
Evelyn,91
Gage,69
Grant,57
Hector,85
Isaiah,82
Ivan,80
Jacqueline,67
Jared,84
Jasmin,83
Jason,95
Jordan,81
Josiah,99
Juliana,53
Kaitlyn,72
Kathryn,87
Katie,94
Kelsey,77
Lindsey,65
Madeline,68
Margaret,93
Mariah,60
Maxwell,86
Morgan,97
Parker,62
Reagan,74
Sarah,51
Sebastian,64
Seth,76
Summer,89
Thomas,90
Travis,59
Tristan,88
Valeria,66
Zoey,100
