Name,ID
Alana,156
Alexander,191
Alexia,187
Alicia,162
Allison,192
Ashley,173
Ashlyn,175
Autumn,188
Avery,151
Brayden,200
Bryan,182
Chase,169
Christian,196
Colby,176
Cooper,194
Eduardo,159
Elijah,199
Evan,166
Francisco,164
Gabriel,155
Garrett,165
Hunter,153
Isaac,178
Isabelle,197
Kate,186
Kenneth,183
Kimberly,181
Kylee,167
Kylie,189
Liam,158
Luke,177
Makayla,157
Manuel,195
Maria,184
Miranda,179
Molly,160
Natalie,180
Nicole,198
Olivia,161
Omar,185
Paige,174
Richard,163
Samantha,193
Steven,152
Sydney,172
Tanner,170
Taylor,190
Tiffany,154
Trinity,171
Wyatt,168
