Name,ID
Abby,260
Aiden,280
Alyssa,294
Andrea,259
Angelica,272
Ashton,266
Brady,281
Brooke,287
Caitlin,261
Cassandra,299
Cassidy,254
Cheyenne,268
Claire,252
Cole,291
Colin,283
Devin,253
Donovan,284
Edward,263
Eli,297
Erick,289
Gabriella,298
Grace,285
Hope,264
Jada,271
Jennifer,275
Jeremy,257
Jessica,295
Jonathan,273
Kendall,262
Lauren,279
Leonardo,290
Lillian,274
Marcus,251
Mark,292
Michael,270
Mikayla,276
Mya,269
Nathaniel,278
Oscar,265
Payton,277
Peyton,300
Rachel,286
Rebecca,256
Riley,293
Ruby,282
Samuel,255
Shane,267
Sophie,296
Stephen,258
Victor,288
