Name,ID
Alejandro,393
Andrew,380
Angela,397
Brendan,369
Brooklyn,367
Caitlyn,381
Cameron,366
Chelsea,392
Collin,396
Daisy,395
Dominic,376
Erik,360
Erin,354
Genesis,353
Hannah,362
Isabel,387
Javier,364
Jeffrey,388
Jenna,383
Jeremiah,382
Jesse,358
Jillian,399
Jocelyn,377
Johnathan,378
Jordan,389
Joshua,391
Justin,375
Kiara,400
Landon,368
Layla,365
Leah,372
Levi,386
Logan,390
Lucy,394
Marissa,370
Maya,352
Melissa,373
Naomi,374
Natalia,379
Nathan,371
Nevaeh,398
Nicholas,359
Nolan,351
Rylee,361
Sadie,384
Serenity,363
Sophia,357
Trevor,356
Valerie,355
Zoe,385
