Timestamp,Name,ID,URL,Time Spent
2023-12-30 18:44:35,Amanda,32,www.myschool.com,94m
2023-12-30 11:55:08,Chelsea,392,www.myschool.com,92m
2023-12-30 06:17:55,Maya,352,www.myschool.com,109m
2023-12-30 01:04:13,Alexis,78,www.myschool.com,47m
2023-12-30 00:21:03,Alan,131,www.myschool.com,21m
2023-12-29 23:05:36,Jack,318,www.myschool.com,1m
2023-12-29 12:26:31,Gabriel,155,www.myschool.com,46m
2023-12-29 04:59:38,Angel,20,www.myschool.com,57m
2023-12-29 01:57:49,Gavin,330,www.myschool.com,31m
2023-12-28 23:06:49,Colby,176,www.myschool.com,48m
2023-12-28 19:18:52,Isabella,320,www.myschool.com,61m
2023-12-28 18:39:03,Jade,204,www.myschool.com,70m
2023-12-28 06:24:35,Victoria,329,www.myschool.com,96m
2023-12-28 04:09:02,Skylar,19,www.myschool.com,60m
2023-12-28 03:54:26,Sarah,51,www.myschool.com,89m
2023-12-28 01:53:48,Liam,158,www.myschool.com,73m
2023-12-28 00:47:31,Sadie,384,www.myschool.com,119m
2023-12-27 22:57:26,Gianna,31,www.myschool.com,23m
2023-12-27 06:48:19,Mario,227,www.myschool.com,20m
2023-12-27 01:42:53,Giovanni,342,www.myschool.com,24m
2023-12-26 23:45:34,Alyssa,294,www.myschool.com,107m
2023-12-26 17:44:11,Gage,69,www.myschool.com,85m
2023-12-26 16:22:50,Brayden,200,www.myschool.com,76m
2023-12-26 16:13:48,James,49,www.myschool.com,88m
2023-12-26 13:04:48,Nicole,198,www.myschool.com,106m
2023-12-26 10:56:45,Bianca,128,www.myschool.com,59m
2023-12-26 07:40:26,Kathryn,87,www.myschool.com,41m
2023-12-26 07:32:11,Paul,117,www.myschool.com,18m
2023-12-26 06:28:41,Aidan,235,www.myschool.com,62m
2023-12-26 03:57:34,Kelsey,77,www.myschool.com,5m
2023-12-25 17:58:31,Raymond,219,www.myschool.com,24m
2023-12-25 13:09:50,Marcus,251,www.myschool.com,70m
2023-12-25 04:20:06,Kyle,42,www.myschool.com,85m
2023-12-24 19:54:49,Javier,364,www.myschool.com,67m
2023-12-24 06:23:35,Christopher,58,www.myschool.com,92m
2023-12-23 16:45:40,Marco,345,www.myschool.com,43m
2023-12-23 08:45:30,Danielle,321,www.myschool.com,60m
2023-12-23 05:54:41,John,12,www.myschool.com,51m
2023-12-23 02:28:07,Allison,192,www.myschool.com,34m
2023-12-22 03:07:33,Jocelyn,377,www.myschool.com,76m
2023-12-21 13:15:52,Julia,322,www.myschool.com,32m
2023-12-20 21:47:05,Alexandra,28,www.myschool.com,111m
2023-12-20 21:38:48,Raymond,219,www.myschool.com,111m
2023-12-20 15:41:06,Elijah,199,www.myschool.com,64m
2023-12-20 12:33:06,Lillian,274,www.myschool.com,42m
2023-12-20 07:39:27,Audrey,43,www.myschool.com,65m
2023-12-20 01:48:37,Eric,233,www.myschool.com,7m
2023-12-19 11:47:56,Jeremy,257,www.myschool.com,110m
2023-12-19 10:56:33,Carson,5,www.myschool.com,43m
2023-12-19 07:58:05,Leonardo,290,www.myschool.com,62m
2023-12-19 06:55:38,Sophie,296,www.myschool.com,11m
2023-12-19 00:17:40,Raymond,219,www.myschool.com,72m
2023-12-18 17:26:38,Rachel,286,www.myschool.com,21m
2023-12-18 08:35:50,Adriana,79,www.myschool.com,47m
2023-12-17 17:42:15,Caroline,70,www.myschool.com,26m
2023-12-17 15:32:28,Makenzie,349,www.myschool.com,48m
2023-12-16 23:34:20,Diego,149,www.myschool.com,90m
2023-12-16 11:45:08,Jordan,81,www.myschool.com,6m
2023-12-16 07:56:42,Stephen,258,www.myschool.com,80m
2023-12-16 03:23:23,Jorge,145,www.myschool.com,91m
2023-12-15 00:53:52,Tanner,170,www.myschool.com,14m
2023-12-14 18:17:04,Sadie,384,www.myschool.com,42m
2023-12-14 09:27:10,Carter,324,www.myschool.com,18m
2023-12-14 09:18:02,Sophie,296,www.myschool.com,31m
2023-12-14 07:32:05,Grant,57,www.myschool.com,29m
2023-12-13 10:28:45,Luke,177,www.myschool.com,44m
2023-12-13 09:13:35,Fernando,216,www.myschool.com,85m
2023-12-13 03:44:45,Jayla,333,www.myschool.com,117m
2023-12-12 21:03:57,Karen,250,www.myschool.com,90m
2023-12-12 17:49:41,Gabrielle,114,www.myschool.com,104m
2023-12-12 17:49:09,Malachi,238,www.myschool.com,68m
2023-12-12 17:41:32,Brittany,102,www.myschool.com,26m
2023-12-12 14:15:26,David,332,www.myschool.com,0m
2023-12-12 06:50:29,Mario,227,www.myschool.com,99m
2023-12-11 16:27:16,Natalie,180,www.myschool.com,47m
2023-12-11 12:19:58,Skylar,19,www.myschool.com,48m
2023-12-11 12:07:12,Adrianna,217,www.myschool.com,28m
2023-12-11 07:40:16,Antonio,230,www.myschool.com,88m
2023-12-11 06:32:38,Ashton,266,www.myschool.com,57m
2023-12-11 05:49:57,Veronica,207,www.myschool.com,85m
2023-12-11 01:11:17,Kimberly,181,www.myschool.com,117m
2023-12-10 22:58:36,Francisco,164,www.myschool.com,100m
2023-12-10 20:52:55,Adam,133,www.myschool.com,117m
2023-12-10 16:34:29,Victor,288,www.myschool.com,34m
2023-12-10 05:33:00,Bryan,182,www.myschool.com,53m
2023-12-09 23:36:39,Destiny,22,www.myschool.com,105m
2023-12-09 21:38:53,Samuel,255,www.myschool.com,93m
2023-12-09 13:20:48,Samuel,255,www.myschool.com,110m
2023-12-09 08:15:00,Sofia,150,www.myschool.com,31m
2023-12-09 03:33:49,Lillian,274,www.myschool.com,99m
2023-12-08 22:37:24,Angel,240,www.myschool.com,108m
2023-12-08 04:21:48,Emmanuel,123,www.myschool.com,49m
2023-12-08 01:03:23,Parker,62,www.myschool.com,51m
2023-12-07 22:28:25,Jade,204,www.myschool.com,48m
2023-12-07 21:52:15,Gabriella,298,www.myschool.com,99m
2023-12-07 18:16:07,Alexia,187,www.myschool.com,27m
2023-12-07 16:12:36,Parker,62,www.myschool.com,45m
2023-12-07 11:04:39,Anthony,23,www.myschool.com,94m
2023-12-07 09:17:39,Skylar,19,www.myschool.com,18m
2023-12-07 06:27:55,Devin,253,www.myschool.com,54m
2023-12-07 05:11:44,Brittany,102,www.myschool.com,90m
2023-12-07 04:45:48,Caroline,70,www.myschool.com,49m
2023-12-07 03:43:15,Josiah,99,www.myschool.com,17m
2023-12-06 17:42:45,Ashlyn,175,www.myschool.com,92m
2023-12-06 13:53:16,Jared,84,www.myschool.com,33m
2023-12-06 11:54:08,Jessica,295,www.myschool.com,90m
2023-12-06 05:34:09,Tiffany,154,www.myschool.com,103m
2023-12-05 18:08:26,Ariana,231,www.myschool.com,83m
2023-12-05 05:09:18,Chase,169,www.myschool.com,94m
2023-12-04 06:00:09,Logan,390,www.myschool.com,48m
2023-12-03 21:16:20,Amber,119,www.myschool.com,6m
2023-12-03 15:12:21,Sergio,319,www.myschool.com,61m
2023-12-02 22:24:52,Cody,6,www.myschool.com,36m
2023-12-02 17:44:45,Eli,297,www.myschool.com,18m
2023-12-02 11:07:02,Anthony,23,www.myschool.com,20m
2023-12-02 06:29:37,Riley,293,www.myschool.com,114m
2023-12-02 04:02:28,Gregory,7,www.myschool.com,15m
2023-12-01 19:45:56,Carter,324,www.myschool.com,53m
2023-12-01 18:09:10,Chloe,120,www.myschool.com,100m
2023-12-01 10:22:14,Kennedy,211,www.myschool.com,17m
2023-11-30 18:47:24,Marissa,370,www.myschool.com,47m
2023-11-30 15:30:29,Zachary,222,www.myschool.com,43m
2023-11-30 12:09:00,Shelby,3,www.myschool.com,97m
2023-11-29 21:11:10,Caleb,52,www.myschool.com,111m
2023-11-29 14:45:49,Victoria,329,www.myschool.com,108m
2023-11-29 12:45:29,Liliana,146,www.myschool.com,87m
2023-11-29 05:22:05,Christina,54,www.myschool.com,1m
2023-11-29 04:35:50,Jordan,81,www.myschool.com,97m
2023-11-28 10:06:36,Summer,89,www.myschool.com,0m
2023-11-28 08:25:57,Emmanuel,123,www.myschool.com,14m
2023-11-28 06:21:17,Mya,269,www.myschool.com,50m
2023-11-27 23:33:27,Jenna,383,www.myschool.com,8m
2023-11-27 11:28:12,Alyssa,294,www.myschool.com,105m
2023-11-26 22:27:48,Aaron,327,www.myschool.com,53m
2023-11-26 20:39:33,Erica,92,www.myschool.com,93m
2023-11-26 20:05:28,Hailey,105,www.myschool.com,31m
2023-11-26 19:58:39,Kelsey,77,www.myschool.com,64m
2023-11-26 17:03:31,Andrea,259,www.myschool.com,112m
2023-11-26 13:18:41,Jazmin,127,www.myschool.com,105m
2023-11-26 07:11:07,Garrett,165,www.myschool.com,69m
2023-11-26 00:10:13,Briana,249,www.myschool.com,13m
2023-11-25 23:30:06,Luke,177,www.myschool.com,14m
2023-11-25 09:38:34,Micah,121,www.myschool.com,105m
2023-11-24 22:35:06,Julia,322,www.myschool.com,99m
2023-11-22 19:42:01,Anthony,23,www.myschool.com,88m
2023-11-22 14:00:36,Marissa,370,www.myschool.com,70m
2023-11-22 09:49:15,Gianna,31,www.myschool.com,33m
2023-11-22 09:29:59,Joshua,391,www.myschool.com,65m
2023-11-22 05:02:47,Ella,341,www.myschool.com,69m
2023-11-21 22:58:43,Christopher,58,www.myschool.com,20m
2023-11-21 08:29:05,Giselle,132,www.myschool.com,52m
2023-11-21 01:11:28,Molly,160,www.myschool.com,79m
2023-11-20 23:33:33,Michael,270,www.myschool.com,22m
2023-11-20 23:17:39,Jonathan,273,www.myschool.com,56m
2023-11-20 17:33:10,Jesus,15,www.myschool.com,90m
2023-11-20 15:35:08,Sofia,150,www.myschool.com,80m
2023-11-20 15:23:00,Kathryn,87,www.myschool.com,76m
2023-11-20 14:19:35,Nathaniel,278,www.myschool.com,21m
2023-11-20 12:39:07,Charles,71,www.myschool.com,51m
2023-11-20 06:24:34,Faith,34,www.myschool.com,98m
2023-11-19 20:45:20,Vincent,148,www.myschool.com,120m
2023-11-19 09:15:49,Cameron,366,www.myschool.com,74m
2023-11-19 03:20:25,Michael,270,www.myschool.com,91m
2023-11-19 02:30:03,Liliana,146,www.myschool.com,79m
2023-11-18 21:54:36,Dakota,302,www.myschool.com,60m
2023-11-18 09:07:07,Eric,233,www.myschool.com,2m
2023-11-17 06:17:19,Bianca,128,www.myschool.com,15m
2023-11-17 00:34:33,Cassandra,299,www.myschool.com,31m
2023-11-17 00:04:28,Patrick,106,www.myschool.com,110m
2023-11-16 13:48:12,Jillian,399,www.myschool.com,120m
2023-11-16 07:57:08,Sadie,384,www.myschool.com,40m
2023-11-16 00:29:29,Diana,11,www.myschool.com,51m
2023-11-15 20:39:59,Megan,36,www.myschool.com,99m
2023-11-15 17:45:23,Melanie,147,www.myschool.com,18m
2023-11-15 00:19:46,Damian,242,www.myschool.com,10m
2023-11-14 06:01:56,Wyatt,168,www.myschool.com,90m
2023-11-14 00:01:06,Jared,84,www.myschool.com,115m
2023-11-13 23:25:51,Alexis,78,www.myschool.com,102m
2023-11-13 19:52:38,Jaden,303,www.myschool.com,95m
2023-11-13 14:48:42,Avery,151,www.myschool.com,74m
2023-11-13 05:54:02,Claire,252,www.myschool.com,27m
2023-11-13 03:11:56,Amelia,63,www.myschool.com,31m
2023-11-13 02:17:51,Cheyenne,268,www.myschool.com,89m
2023-11-12 23:38:35,Sydney,172,www.myschool.com,55m
2023-11-12 05:31:29,Morgan,97,www.myschool.com,77m
2023-11-11 14:58:18,Carson,5,www.myschool.com,115m
2023-11-11 06:57:27,Lucy,394,www.myschool.com,80m
2023-11-11 03:53:54,Riley,293,www.myschool.com,70m
2023-11-11 02:38:24,Lucas,202,www.myschool.com,70m
2023-11-10 22:51:10,Kylie,189,www.myschool.com,90m
2023-11-10 17:16:32,Eli,297,www.myschool.com,96m
2023-11-10 15:24:16,Brittany,102,www.myschool.com,97m
2023-11-10 06:48:56,Miguel,243,www.myschool.com,6m
2023-11-10 05:15:24,Michelle,139,www.myschool.com,119m
2023-11-10 04:50:34,Raymond,219,www.myschool.com,92m
2023-11-09 15:04:19,Andrea,259,www.myschool.com,43m
2023-11-09 09:55:56,Kennedy,211,www.myschool.com,102m
2023-11-09 04:01:57,Naomi,374,www.myschool.com,24m
2023-11-08 17:29:23,Jessica,295,www.myschool.com,113m
2023-11-08 14:45:18,Kevin,8,www.myschool.com,47m
2023-11-08 08:52:40,Summer,89,www.myschool.com,59m
2023-11-08 05:06:41,Kylee,167,www.myschool.com,105m
2023-11-08 04:52:16,Jonathan,273,www.myschool.com,66m
2023-11-07 21:32:51,Hayden,336,www.myschool.com,65m
2023-11-07 14:38:13,Jacob,226,www.myschool.com,52m
2023-11-07 01:39:52,Alexandra,28,www.myschool.com,19m
2023-11-06 18:42:52,Braden,104,www.myschool.com,37m
2023-11-06 11:34:08,Jeremy,257,www.myschool.com,68m
2023-11-06 08:28:21,Ayden,35,www.myschool.com,40m
2023-11-06 06:26:52,Sophia,357,www.myschool.com,9m
2023-11-06 00:05:07,Damian,242,www.myschool.com,88m
2023-11-05 21:39:16,Payton,277,www.myschool.com,46m
2023-11-05 13:33:13,Kelsey,77,www.myschool.com,62m
2023-11-04 21:58:01,Gabriella,298,www.myschool.com,47m
2023-11-04 12:08:19,Joel,144,www.myschool.com,102m
2023-11-04 00:57:11,Alexis,78,www.myschool.com,102m
2023-11-04 00:51:31,Jack,318,www.myschool.com,114m
2023-11-03 19:24:24,Zoey,100,www.myschool.com,103m
2023-11-03 18:10:52,Rylee,361,www.myschool.com,28m
2023-11-03 17:20:10,Giselle,132,www.myschool.com,111m
2023-11-03 15:49:07,Kendall,262,www.myschool.com,72m
2023-11-03 05:58:20,James,49,www.myschool.com,90m
2023-11-03 01:53:20,Devon,2,www.myschool.com,45m
2023-11-02 18:17:24,Carson,5,www.myschool.com,34m
2023-11-02 16:41:09,Jeffrey,388,www.myschool.com,55m
2023-11-02 09:13:51,Hector,85,www.myschool.com,94m
2023-11-02 07:11:56,Wyatt,168,www.myschool.com,29m
2023-11-02 00:04:18,Kelly,350,www.myschool.com,89m
2023-11-01 20:16:20,Micah,121,www.myschool.com,2m
2023-11-01 16:54:14,Jordan,81,www.myschool.com,44m
2023-11-01 15:45:06,Johnathan,378,www.myschool.com,40m
2023-11-01 12:10:12,Edward,263,www.myschool.com,31m
2023-11-01 09:49:36,Ashley,173,www.myschool.com,103m
2023-11-01 09:27:59,Dalton,45,www.myschool.com,38m
2023-11-01 07:24:52,Omar,185,www.myschool.com,112m
2023-10-31 19:19:50,Aaliyah,215,www.myschool.com,40m
2023-10-31 19:16:01,Austin,10,www.myschool.com,118m
2023-10-31 07:36:34,Erick,289,www.myschool.com,68m
2023-10-30 16:14:46,Angela,397,www.myschool.com,79m
2023-10-30 15:18:03,Savannah,343,www.myschool.com,109m
2023-10-30 14:59:29,Layla,365,www.myschool.com,20m
2023-10-30 07:24:00,Amy,39,www.myschool.com,91m
2023-10-29 07:02:56,Jayden,107,www.myschool.com,27m
2023-10-29 02:35:40,Bryson,125,www.myschool.com,10m
2023-10-28 22:00:20,Isabelle,197,www.myschool.com,75m
2023-10-28 20:13:59,Angelica,272,www.myschool.com,77m
2023-10-28 12:47:07,Edwin,41,www.myschool.com,67m
2023-10-28 10:47:44,Shelby,3,www.myschool.com,40m
2023-10-28 04:32:40,Caitlin,261,www.myschool.com,38m
2023-10-27 22:00:35,Makenzie,349,www.myschool.com,67m
2023-10-27 11:31:01,Martin,26,www.myschool.com,61m
2023-10-27 10:44:34,Summer,89,www.myschool.com,92m
2023-10-26 19:33:07,Conner,225,www.myschool.com,73m
2023-10-26 18:49:32,Emily,248,www.myschool.com,96m
2023-10-26 02:17:30,Wesley,229,www.myschool.com,84m
2023-10-26 01:08:00,Tyler,220,www.myschool.com,69m
2023-10-25 16:57:54,Devon,2,www.myschool.com,10m
2023-10-25 13:35:11,Landon,368,www.myschool.com,44m
2023-10-25 03:35:40,Leah,372,www.myschool.com,0m
2023-10-24 23:40:46,Sofia,150,www.myschool.com,118m
2023-10-24 14:30:05,Austin,10,www.myschool.com,119m
2023-10-24 09:04:47,Devon,2,www.myschool.com,115m
2023-10-24 00:27:02,Claire,252,www.myschool.com,112m
2023-10-23 21:10:31,Jasmin,83,www.myschool.com,92m
2023-10-23 15:49:42,Alexia,187,www.myschool.com,101m
2023-10-23 07:40:27,Katherine,108,www.myschool.com,46m
2023-10-22 18:14:29,Charlotte,232,www.myschool.com,68m
2023-10-21 22:41:56,Kevin,8,www.myschool.com,90m
2023-10-21 15:32:50,Evan,166,www.myschool.com,46m
2023-10-21 12:45:54,Charlotte,232,www.myschool.com,105m
2023-10-21 03:21:33,Emmanuel,123,www.myschool.com,63m
2023-10-20 19:16:08,Kaitlyn,72,www.myschool.com,32m
2023-10-20 04:06:10,Nolan,351,www.myschool.com,77m
2023-10-19 21:45:16,Travis,59,www.myschool.com,88m
2023-10-19 19:47:53,Joseph,209,www.myschool.com,98m
2023-10-19 18:32:40,Josiah,99,www.myschool.com,27m
2023-10-19 15:45:42,Mya,269,www.myschool.com,15m
2023-10-19 08:49:39,Katherine,108,www.myschool.com,103m
2023-10-18 22:04:19,Cassidy,254,www.myschool.com,116m
2023-10-18 18:12:07,Aiden,280,www.myschool.com,48m
2023-10-18 03:49:24,Tyler,220,www.myschool.com,112m
2023-10-18 01:35:42,Brady,281,www.myschool.com,6m
2023-10-17 17:06:26,Ruby,282,www.myschool.com,2m
2023-10-17 16:25:52,Stephanie,241,www.myschool.com,82m
2023-10-17 07:37:17,Ashley,173,www.myschool.com,119m
2023-10-17 05:52:03,Shawn,27,www.myschool.com,118m
2023-10-16 23:48:53,Oliver,16,www.myschool.com,67m
2023-10-16 18:41:44,Alexandra,28,www.myschool.com,74m
2023-10-16 13:31:34,Richard,163,www.myschool.com,106m
2023-10-16 10:07:50,Alexia,187,www.myschool.com,16m
2023-10-16 08:24:27,Ashlyn,175,www.myschool.com,86m
2023-10-16 06:54:13,Christian,196,www.myschool.com,0m
2023-10-15 21:07:34,Breanna,98,www.myschool.com,119m
2023-10-15 18:12:33,Landon,368,www.myschool.com,12m
2023-10-15 06:21:25,Colin,283,www.myschool.com,57m
2023-10-14 23:35:31,Lillian,274,www.myschool.com,110m
2023-10-14 22:25:29,Cesar,24,www.myschool.com,103m
2023-10-14 20:25:19,Hunter,153,www.myschool.com,86m
2023-10-14 18:14:13,Gabriel,155,www.myschool.com,120m
2023-10-14 16:16:54,Bryce,205,www.myschool.com,10m
2023-10-14 14:49:28,Aubrey,126,www.myschool.com,45m
2023-10-14 13:15:34,Eduardo,159,www.myschool.com,96m
2023-10-14 12:56:28,Michelle,139,www.myschool.com,85m
2023-10-14 11:12:41,Cesar,24,www.myschool.com,111m
2023-10-14 01:03:51,Hunter,153,www.myschool.com,48m
2023-10-13 17:45:21,Eric,233,www.myschool.com,9m
2023-10-13 02:47:54,Gage,69,www.myschool.com,47m
2023-10-13 00:19:29,Luke,177,www.myschool.com,69m
2023-10-12 17:50:59,Laura,4,www.myschool.com,19m
2023-10-12 13:23:18,Tiffany,154,www.myschool.com,51m
2023-10-12 11:32:53,Marissa,370,www.myschool.com,72m
2023-10-12 11:18:41,Jordan,389,www.myschool.com,34m
2023-10-12 08:00:41,Brady,281,www.myschool.com,45m
2023-10-12 06:17:02,Serenity,363,www.myschool.com,41m
2023-10-12 05:57:44,Angelica,272,www.myschool.com,103m
2023-10-11 21:00:12,Alana,156,www.myschool.com,27m
2023-10-11 12:22:02,Andrea,259,www.myschool.com,104m
2023-10-10 23:01:53,James,49,www.myschool.com,102m
2023-10-10 21:04:43,Justin,375,www.myschool.com,105m
2023-10-10 03:11:19,Edward,263,www.myschool.com,23m
2023-10-09 09:48:10,Mia,313,www.myschool.com,27m
2023-10-09 06:58:40,Ana,47,www.myschool.com,65m
2023-10-08 18:42:57,Dylan,55,www.myschool.com,11m
2023-10-08 16:06:55,Evan,166,www.myschool.com,26m
2023-10-08 13:16:31,Nolan,351,www.myschool.com,64m
2023-10-08 08:47:00,Cheyenne,268,www.myschool.com,14m
2023-10-08 08:19:58,Jessica,295,www.myschool.com,47m
2023-10-08 07:45:59,Karen,250,www.myschool.com,40m
2023-10-07 21:01:52,Alana,156,www.myschool.com,65m
2023-10-07 13:13:49,Savannah,343,www.myschool.com,33m
2023-10-07 01:42:10,Amanda,32,www.myschool.com,28m
2023-10-06 12:53:41,Antonio,230,www.myschool.com,43m
2023-10-06 07:00:36,Caden,40,www.myschool.com,95m
2023-10-06 06:10:58,Brooke,287,www.myschool.com,69m
2023-10-06 04:19:13,Justin,375,www.myschool.com,95m
2023-10-05 17:48:52,Stephanie,241,www.myschool.com,107m
2023-10-05 15:22:53,Levi,386,www.myschool.com,41m
2023-10-05 13:28:55,Benjamin,334,www.myschool.com,92m
2023-10-05 02:32:20,Antonio,230,www.myschool.com,70m
2023-10-04 15:52:45,Ian,315,www.myschool.com,54m
2023-10-04 15:44:14,Kaylee,48,www.myschool.com,61m
2023-10-04 13:20:28,Payton,277,www.myschool.com,87m
2023-10-04 02:34:58,Delaney,344,www.myschool.com,46m
2023-10-04 02:11:50,Jesse,358,www.myschool.com,66m
2023-10-03 23:51:48,Austin,10,www.myschool.com,49m
2023-10-03 17:17:03,Jordan,389,www.myschool.com,56m
2023-10-03 15:54:37,Adriana,79,www.myschool.com,119m
2023-10-02 20:48:59,Angelina,50,www.myschool.com,76m
2023-10-02 19:34:57,Liam,158,www.myschool.com,92m
2023-10-02 11:01:28,Jalen,134,www.myschool.com,56m
2023-10-02 07:37:44,Faith,34,www.myschool.com,84m
2023-10-01 18:32:41,Charlotte,232,www.myschool.com,120m
2023-10-01 13:17:48,Gianna,31,www.myschool.com,34m
2023-09-29 23:10:46,Isaac,178,www.myschool.com,38m
2023-09-29 22:59:54,Mario,227,www.myschool.com,108m
2023-09-29 20:09:00,Mark,292,www.myschool.com,19m
2023-09-29 18:42:55,Cody,6,www.myschool.com,1m
2023-09-29 14:13:17,Mark,292,www.myschool.com,39m
2023-09-29 12:08:57,Nathan,371,www.myschool.com,114m
2023-09-29 11:55:41,Ethan,61,www.myschool.com,95m
2023-09-29 09:32:22,Kaden,44,www.myschool.com,16m
2023-09-29 08:26:41,Oliver,16,www.myschool.com,45m
2023-09-29 06:46:49,Faith,34,www.myschool.com,79m
2023-09-29 05:59:17,Riley,293,www.myschool.com,107m
2023-09-28 15:43:13,Cristian,135,www.myschool.com,9m
2023-09-28 08:52:53,Ashton,266,www.myschool.com,72m
2023-09-28 08:34:43,Riley,293,www.myschool.com,31m
2023-09-28 05:17:24,Jordan,81,www.myschool.com,43m
2023-09-28 04:33:13,Samuel,255,www.myschool.com,28m
2023-09-28 04:09:51,Joel,144,www.myschool.com,24m
2023-09-27 19:29:46,Caitlin,261,www.myschool.com,101m
2023-09-27 12:45:26,Mya,269,www.myschool.com,91m
2023-09-27 11:44:48,Lilly,138,www.myschool.com,1m
2023-09-27 08:06:42,Giovanni,342,www.myschool.com,43m
2023-09-26 12:39:58,Jesse,358,www.myschool.com,51m
2023-09-26 08:43:55,Jason,95,www.myschool.com,65m
2023-09-26 03:54:15,Amelia,63,www.myschool.com,116m
2023-09-25 21:43:18,Aaron,327,www.myschool.com,20m
2023-09-25 14:16:00,Valeria,66,www.myschool.com,86m
2023-09-25 14:14:34,Kaylee,48,www.myschool.com,7m
2023-09-25 12:29:09,Makenzie,349,www.myschool.com,91m
2023-09-25 02:18:14,Elizabeth,46,www.myschool.com,94m
2023-09-24 19:35:19,Julian,115,www.myschool.com,107m
2023-09-24 15:51:34,Henry,307,www.myschool.com,26m
2023-09-24 05:42:24,Alondra,214,www.myschool.com,31m
2023-09-24 04:51:13,Ricardo,17,www.myschool.com,12m
2023-09-24 04:11:01,Joshua,391,www.myschool.com,105m
2023-09-24 04:09:44,Diana,11,www.myschool.com,65m
2023-09-24 03:23:37,Joseph,209,www.myschool.com,16m
2023-09-24 02:03:36,Owen,314,www.myschool.com,49m
2023-09-23 20:43:59,Trevor,356,www.myschool.com,20m
2023-09-23 20:31:27,Hunter,153,www.myschool.com,11m
2023-09-23 08:15:23,Edwin,41,www.myschool.com,64m
2023-09-23 07:36:32,Jacob,226,www.myschool.com,5m
2023-09-23 03:55:24,Andrew,380,www.myschool.com,73m
2023-09-22 16:38:08,Jonathan,273,www.myschool.com,119m
2023-09-22 13:41:21,Isabelle,197,www.myschool.com,94m
2023-09-22 08:28:24,Jaden,303,www.myschool.com,1m
2023-09-21 21:03:56,Jaden,303,www.myschool.com,64m
2023-09-21 01:14:16,Peyton,101,www.myschool.com,36m
2023-09-21 01:06:10,Bryce,205,www.myschool.com,22m
2023-09-20 23:26:08,Shane,267,www.myschool.com,41m
2023-09-20 16:20:17,Dalton,45,www.myschool.com,45m
2023-09-20 11:17:39,Erik,360,www.myschool.com,8m
2023-09-19 13:02:56,Trenton,130,www.myschool.com,7m
2023-09-19 07:47:25,Landon,368,www.myschool.com,74m
2023-09-19 06:03:49,Alexandria,328,www.myschool.com,92m
2023-09-19 04:30:19,Joshua,391,www.myschool.com,28m
2023-09-18 23:14:29,Jonathan,273,www.myschool.com,27m
2023-09-18 20:26:12,Xavier,143,www.myschool.com,62m
2023-09-18 18:36:29,Justin,375,www.myschool.com,88m
2023-09-18 14:55:58,Malachi,238,www.myschool.com,19m
2023-09-18 01:29:28,Abigail,1,www.myschool.com,100m
2023-09-17 21:08:25,Jayla,333,www.myschool.com,30m
2023-09-17 20:28:13,Sophie,296,www.myschool.com,80m
2023-09-17 14:14:56,Summer,89,www.myschool.com,119m
2023-09-17 13:27:36,Hope,264,www.myschool.com,89m
2023-09-17 06:38:59,Madelyn,224,www.myschool.com,93m
2023-09-16 23:29:16,Peyton,300,www.myschool.com,49m
2023-09-16 18:02:32,Blake,326,www.myschool.com,82m
2023-09-16 14:17:43,Jared,84,www.myschool.com,114m
2023-09-16 12:35:42,Edwin,41,www.myschool.com,103m
2023-09-16 05:56:30,Zoey,100,www.myschool.com,12m
2023-09-16 05:37:12,Bryson,125,www.myschool.com,98m
2023-09-16 01:04:56,Hector,85,www.myschool.com,116m
2023-09-15 23:17:38,Natalie,180,www.myschool.com,117m
2023-09-15 22:23:04,Jazmin,127,www.myschool.com,59m
2023-09-15 18:20:47,Alexis,111,www.myschool.com,95m
2023-09-15 16:48:07,Alexandria,328,www.myschool.com,23m
2023-09-15 12:25:04,Kyle,42,www.myschool.com,77m
2023-09-15 08:57:58,Alyssa,294,www.myschool.com,42m
2023-09-15 07:47:49,Lauren,279,www.myschool.com,12m
2023-09-15 02:56:49,Amber,119,www.myschool.com,99m
2023-09-14 23:55:44,Connor,244,www.myschool.com,1m
2023-09-14 23:51:02,Gavin,330,www.myschool.com,114m
2023-09-14 23:28:05,David,332,www.myschool.com,108m
2023-09-14 06:35:09,Tanner,170,www.myschool.com,27m
2023-09-13 13:47:16,Connor,244,www.myschool.com,52m
2023-09-13 03:36:06,Jordan,81,www.myschool.com,1m
2023-09-12 15:11:52,Karina,348,www.myschool.com,37m
2023-09-12 14:36:43,Rachel,286,www.myschool.com,49m
2023-09-12 14:05:49,Mark,292,www.myschool.com,67m
2023-09-11 23:07:55,Alexia,187,www.myschool.com,58m
2023-09-11 21:26:30,Juliana,53,www.myschool.com,99m
2023-09-11 16:51:02,Ryan,218,www.myschool.com,36m
2023-09-11 07:38:46,Oliver,16,www.myschool.com,88m
2023-09-11 01:42:33,Nathaniel,278,www.myschool.com,114m
2023-09-10 17:42:38,Martin,26,www.myschool.com,101m
2023-09-10 12:12:00,Daniel,213,www.myschool.com,108m
2023-09-10 10:13:24,Michael,270,www.myschool.com,20m
2023-09-10 07:08:38,Brody,346,www.myschool.com,34m
2023-09-10 05:12:02,Timothy,206,www.myschool.com,67m
2023-09-10 00:05:43,Lily,323,www.myschool.com,106m
2023-09-09 11:41:54,George,210,www.myschool.com,108m
2023-09-09 08:52:48,Wesley,229,www.myschool.com,111m
2023-09-09 04:16:48,Colton,234,www.myschool.com,14m
2023-09-08 02:37:12,Erica,92,www.myschool.com,73m
2023-09-08 02:20:48,Jesus,15,www.myschool.com,40m
2023-09-08 00:31:01,Serenity,363,www.myschool.com,114m
2023-09-07 14:08:13,Tanner,170,www.myschool.com,41m
2023-09-07 00:35:49,Colton,234,www.myschool.com,0m
2023-09-06 22:34:48,Carson,5,www.myschool.com,44m
2023-09-06 09:17:18,Elijah,199,www.myschool.com,60m
2023-09-06 00:06:37,Eric,233,www.myschool.com,114m
2023-09-05 22:43:45,Leonardo,290,www.myschool.com,55m
2023-09-05 19:58:27,Kelly,350,www.myschool.com,1m
2023-09-05 16:05:32,Samantha,193,www.myschool.com,43m
2023-09-05 13:10:19,Xavier,143,www.myschool.com,60m
2023-09-05 08:47:26,Bryan,182,www.myschool.com,31m
2023-09-05 07:38:01,Rylee,361,www.myschool.com,101m
2023-09-04 14:52:11,Chase,169,www.myschool.com,5m
2023-09-04 03:40:58,Reagan,74,www.myschool.com,110m
2023-09-03 23:58:22,Kimberly,181,www.myschool.com,33m
2023-09-03 20:41:24,Taylor,190,www.myschool.com,113m
2023-09-03 19:48:47,Cristian,135,www.myschool.com,23m
2023-09-03 19:20:21,Emily,248,www.myschool.com,37m
2023-09-03 16:31:03,Justin,375,www.myschool.com,31m
2023-09-03 02:40:30,Jada,271,www.myschool.com,109m
2023-09-02 23:16:07,Nicole,198,www.myschool.com,81m
2023-09-02 22:20:22,Joseph,209,www.myschool.com,86m
2023-09-02 21:33:09,Jazmin,127,www.myschool.com,42m
2023-09-02 17:29:28,Nicole,198,www.myschool.com,51m
2023-09-02 09:30:53,Genesis,353,www.myschool.com,76m
2023-09-01 15:32:30,Madeline,68,www.myschool.com,19m
2023-09-01 02:59:46,Alan,131,www.myschool.com,53m
2023-08-31 17:43:05,Angel,240,www.myschool.com,30m
2023-08-31 08:27:53,Caroline,70,www.myschool.com,2m
2023-08-31 02:55:28,Jorge,145,www.myschool.com,62m
2023-08-31 00:00:14,Derek,25,www.myschool.com,90m
2023-08-30 18:17:55,Amber,119,www.myschool.com,87m
2023-08-30 14:12:36,Jeremy,257,www.myschool.com,71m
2023-08-29 12:31:23,Aaron,327,www.myschool.com,8m
2023-08-29 08:33:40,Kathryn,87,www.myschool.com,1m
2023-08-29 04:35:02,Erica,92,www.myschool.com,71m
2023-08-28 10:36:02,Austin,10,www.myschool.com,111m
2023-08-28 00:15:39,William,239,www.myschool.com,64m
2023-08-27 19:22:33,Thomas,90,www.myschool.com,9m
2023-08-27 12:23:41,Michael,270,www.myschool.com,96m
2023-08-27 03:22:13,Kaleb,142,www.myschool.com,112m
2023-08-27 00:07:52,Sebastian,64,www.myschool.com,42m
2023-08-26 15:41:01,Samantha,193,www.myschool.com,76m
2023-08-26 02:54:48,Eric,233,www.myschool.com,63m
2023-08-26 02:31:10,Amelia,63,www.myschool.com,37m
2023-08-25 22:00:17,Grace,285,www.myschool.com,113m
2023-08-25 20:26:54,Riley,339,www.myschool.com,14m
2023-08-25 17:48:27,Jayden,107,www.myschool.com,5m
2023-08-25 15:23:39,Skylar,19,www.myschool.com,96m
2023-08-24 09:42:27,Kylie,189,www.myschool.com,88m
2023-08-24 09:37:56,Nicole,198,www.myschool.com,112m
2023-08-23 22:05:01,Alicia,162,www.myschool.com,79m
2023-08-23 21:23:06,Alex,56,www.myschool.com,52m
2023-08-23 16:42:57,Kaylee,48,www.myschool.com,16m
2023-08-23 05:53:58,Shelby,3,www.myschool.com,77m
2023-08-23 05:07:59,Jesus,15,www.myschool.com,60m
2023-08-23 02:18:22,Ethan,61,www.myschool.com,11m
2023-08-22 22:31:22,Makenzie,349,www.myschool.com,29m
2023-08-22 14:34:57,Robert,221,www.myschool.com,34m
2023-08-22 12:43:32,Sierra,212,www.myschool.com,114m
2023-08-22 09:56:07,Blake,326,www.myschool.com,40m
2023-08-22 05:38:48,Rebecca,256,www.myschool.com,114m
2023-08-22 03:04:34,Alexis,111,www.myschool.com,21m
2023-08-21 21:40:14,Nevaeh,398,www.myschool.com,5m
2023-08-21 20:36:32,Devon,2,www.myschool.com,76m
2023-08-21 19:06:47,Donovan,284,www.myschool.com,30m
2023-08-21 11:00:30,Natalia,379,www.myschool.com,7m
2023-08-21 02:35:21,Levi,386,www.myschool.com,9m
2023-08-20 08:12:50,Vincent,148,www.myschool.com,103m
2023-08-20 00:36:34,Liam,158,www.myschool.com,36m
2023-08-19 22:14:39,Serenity,363,www.myschool.com,113m
2023-08-19 19:28:05,Ana,47,www.myschool.com,59m
2023-08-19 17:34:07,Mario,227,www.myschool.com,9m
2023-08-19 15:14:07,Jacqueline,67,www.myschool.com,57m
2023-08-19 13:57:31,Joel,144,www.myschool.com,14m
2023-08-18 22:28:11,Marco,345,www.myschool.com,10m
2023-08-18 13:46:42,Arianna,122,www.myschool.com,32m
2023-08-18 11:12:11,Alexandra,28,www.myschool.com,52m
2023-08-17 19:44:51,Bianca,128,www.myschool.com,118m
2023-08-17 19:05:51,Nicole,198,www.myschool.com,68m
2023-08-17 17:58:53,Travis,59,www.myschool.com,77m
2023-08-17 15:32:13,Daniela,116,www.myschool.com,107m
2023-08-17 14:17:54,Shane,267,www.myschool.com,112m
2023-08-17 12:45:40,Xavier,143,www.myschool.com,97m
2023-08-17 08:43:49,Joshua,391,www.myschool.com,66m
2023-08-16 23:15:06,Carson,5,www.myschool.com,19m
2023-08-16 21:10:11,Maya,352,www.myschool.com,92m
2023-08-16 19:34:27,Jonah,308,www.myschool.com,32m
2023-08-16 09:32:54,Bianca,128,www.myschool.com,34m
2023-08-16 07:12:20,Alan,131,www.myschool.com,88m
2023-08-16 00:41:33,Travis,59,www.myschool.com,18m
2023-08-15 18:02:43,Gregory,7,www.myschool.com,82m
2023-08-15 15:25:01,Kyle,42,www.myschool.com,55m
2023-08-15 12:30:12,Sabrina,325,www.myschool.com,86m
2023-08-15 06:48:26,Nathaniel,278,www.myschool.com,55m
2023-08-15 05:41:01,Bryson,125,www.myschool.com,45m
2023-08-15 01:44:15,Natalie,180,www.myschool.com,48m
2023-08-14 05:48:28,Travis,59,www.myschool.com,95m
2023-08-13 21:59:19,Samantha,193,www.myschool.com,59m
2023-08-13 19:23:22,Hope,264,www.myschool.com,16m
2023-08-13 13:26:33,Liam,158,www.myschool.com,36m
2023-08-13 11:02:47,Marissa,370,www.myschool.com,111m
2023-08-13 07:05:15,Liam,158,www.myschool.com,14m
2023-08-12 17:52:22,Marissa,370,www.myschool.com,80m
2023-08-11 15:31:42,Oscar,265,www.myschool.com,47m
2023-08-10 23:16:24,Daniela,116,www.myschool.com,54m
2023-08-10 18:24:40,Miguel,243,www.myschool.com,88m
2023-08-10 11:59:00,Aaliyah,215,www.myschool.com,91m
2023-08-10 09:30:33,Jade,204,www.myschool.com,83m
2023-08-10 08:57:34,Karina,348,www.myschool.com,45m
2023-08-09 15:51:03,Jasmine,141,www.myschool.com,53m
2023-08-09 06:20:54,Madelyn,224,www.myschool.com,84m
2023-08-08 21:45:11,Christian,196,www.myschool.com,115m
2023-08-08 19:32:15,Amber,119,www.myschool.com,40m
2023-08-08 10:48:58,Victoria,329,www.myschool.com,102m
2023-08-08 08:21:26,Kaden,44,www.myschool.com,39m
2023-08-08 06:54:45,Jose,246,www.myschool.com,19m
2023-08-07 03:23:19,Garrett,165,www.myschool.com,40m
2023-08-07 03:18:32,Laura,4,www.myschool.com,13m
2023-08-06 23:14:51,Jaden,303,www.myschool.com,28m
2023-08-06 13:06:37,Veronica,207,www.myschool.com,100m
2023-08-06 05:50:49,Eric,233,www.myschool.com,76m
2023-08-06 04:07:03,Jose,246,www.myschool.com,12m
2023-08-06 01:22:51,Melanie,147,www.myschool.com,39m
2023-08-05 20:26:55,Riley,339,www.myschool.com,54m
2023-08-04 23:43:02,Hope,264,www.myschool.com,83m
2023-08-04 22:56:25,Omar,185,www.myschool.com,4m
2023-08-04 11:20:53,Edward,263,www.myschool.com,11m
2023-08-04 10:50:56,Gregory,7,www.myschool.com,90m
2023-08-04 07:10:04,Margaret,93,www.myschool.com,14m
2023-08-03 17:57:55,Zachary,222,www.myschool.com,45m
2023-08-03 15:23:49,Elias,14,www.myschool.com,37m
2023-08-03 04:56:20,Adrianna,217,www.myschool.com,81m
2023-08-03 01:11:21,Hayden,336,www.myschool.com,16m
2023-08-02 12:49:32,Bryson,125,www.myschool.com,29m
2023-08-02 10:58:13,Rachel,286,www.myschool.com,23m
2023-08-01 15:20:17,Aubrey,126,www.myschool.com,66m
2023-08-01 09:31:23,Bryan,182,www.myschool.com,21m
2023-08-01 04:50:00,Alexa,29,www.myschool.com,63m
2023-08-01 01:29:15,Crystal,33,www.myschool.com,13m
2023-08-01 00:54:42,Xavier,143,www.myschool.com,59m
2023-08-01 00:21:43,Brody,346,www.myschool.com,84m
2023-07-31 15:37:33,Destiny,22,www.myschool.com,67m
2023-07-31 06:10:42,Marissa,370,www.myschool.com,25m
2023-07-30 04:00:12,Timothy,206,www.myschool.com,37m
2023-07-30 00:35:37,Aaliyah,215,www.myschool.com,3m
2023-07-29 20:59:38,Amelia,63,www.myschool.com,90m
2023-07-29 19:20:28,Aubrey,126,www.myschool.com,53m
2023-07-29 19:03:14,Logan,390,www.myschool.com,75m
2023-07-29 12:34:02,Liam,158,www.myschool.com,45m
2023-07-29 09:08:26,Ashley,173,www.myschool.com,15m
2023-07-29 00:47:11,Angel,240,www.myschool.com,29m
2023-07-28 19:39:57,Maya,352,www.myschool.com,117m
2023-07-28 17:14:48,Carlos,96,www.myschool.com,77m
2023-07-28 16:47:15,Amelia,63,www.myschool.com,56m
2023-07-28 15:53:55,Jonathan,273,www.myschool.com,89m
2023-07-28 15:19:30,Mark,292,www.myschool.com,20m
2023-07-28 03:44:35,Cassidy,254,www.myschool.com,9m
2023-07-27 17:12:54,Sean,337,www.myschool.com,60m
2023-07-27 11:22:58,Aidan,235,www.myschool.com,87m
2023-07-27 07:10:10,Leah,372,www.myschool.com,76m
2023-07-27 04:32:58,Addison,103,www.myschool.com,89m
2023-07-27 01:44:00,Edgar,203,www.myschool.com,82m
2023-07-26 21:59:37,Marcus,251,www.myschool.com,7m
2023-07-26 15:56:36,Samantha,193,www.myschool.com,98m
2023-07-26 12:13:25,Daisy,395,www.myschool.com,93m
2023-07-26 05:44:19,Maxwell,86,www.myschool.com,75m
2023-07-26 05:10:52,Samuel,255,www.myschool.com,21m
2023-07-26 02:49:20,Victoria,329,www.myschool.com,49m
2023-07-26 00:01:44,Angelina,50,www.myschool.com,107m
2023-07-25 08:51:22,Marcus,251,www.myschool.com,19m
2023-07-25 03:09:02,Patrick,106,www.myschool.com,83m
2023-07-24 20:17:27,Timothy,206,www.myschool.com,99m
2023-07-24 14:19:51,Gage,69,www.myschool.com,92m
2023-07-24 11:40:30,Brianna,21,www.myschool.com,112m
2023-07-24 08:56:08,Dylan,55,www.myschool.com,79m
2023-07-24 01:07:34,Adrian,236,www.myschool.com,84m
2023-07-23 17:03:43,Gabrielle,114,www.myschool.com,14m
2023-07-22 17:06:46,Patrick,106,www.myschool.com,32m
2023-07-22 16:34:12,Laura,4,www.myschool.com,0m
2023-07-22 14:01:11,Peyton,101,www.myschool.com,50m
2023-07-22 12:40:30,Haley,304,www.myschool.com,95m
2023-07-22 11:27:52,Ian,315,www.myschool.com,18m
2023-07-21 14:45:00,Bryce,205,www.myschool.com,99m
2023-07-21 14:10:14,Jake,311,www.myschool.com,28m
2023-07-21 03:47:28,Jessica,295,www.myschool.com,32m
2023-07-20 04:19:33,Alondra,214,www.myschool.com,81m
2023-07-19 09:44:39,Luis,201,www.myschool.com,54m
2023-07-19 07:32:19,Jocelyn,377,www.myschool.com,100m
2023-07-19 04:35:45,Isabel,387,www.myschool.com,72m
2023-07-18 22:42:20,Isabelle,197,www.myschool.com,70m
2023-07-18 20:35:53,Veronica,207,www.myschool.com,86m
2023-07-18 18:03:38,Lucas,202,www.myschool.com,65m
2023-07-18 07:09:18,Cristian,135,www.myschool.com,38m
2023-07-18 04:30:43,Juan,301,www.myschool.com,4m
2023-07-18 00:00:23,Samuel,255,www.myschool.com,101m
2023-07-17 19:00:14,Brian,331,www.myschool.com,59m
2023-07-17 14:58:46,Josiah,99,www.myschool.com,54m
2023-07-17 08:14:20,Alan,131,www.myschool.com,20m
2023-07-17 04:37:27,Angel,20,www.myschool.com,112m
2023-07-16 15:01:28,Jared,84,www.myschool.com,44m
2023-07-16 14:58:23,Haley,304,www.myschool.com,81m
2023-07-16 00:39:55,Natalia,379,www.myschool.com,83m
2023-07-15 02:33:18,Aubrey,126,www.myschool.com,97m
2023-07-14 23:07:31,Allison,192,www.myschool.com,3m
2023-07-14 21:18:52,Isabella,320,www.myschool.com,96m
2023-07-14 14:04:43,Avery,151,www.myschool.com,73m
2023-07-13 21:36:24,Liam,158,www.myschool.com,106m
2023-07-13 21:12:15,Sabrina,325,www.myschool.com,51m
2023-07-13 20:45:49,Manuel,195,www.myschool.com,110m
2023-07-13 16:46:44,Ava,73,www.myschool.com,116m
2023-07-13 07:31:57,Nevaeh,398,www.myschool.com,117m
2023-07-13 05:07:41,Isabel,387,www.myschool.com,67m
2023-07-13 01:12:34,Maya,352,www.myschool.com,15m
2023-07-12 17:40:46,Melanie,147,www.myschool.com,84m
2023-07-12 16:36:25,Caitlyn,381,www.myschool.com,17m
2023-07-12 15:34:58,Christian,196,www.myschool.com,109m
2023-07-12 13:10:39,Faith,34,www.myschool.com,83m
2023-07-12 05:12:36,Zachary,222,www.myschool.com,117m
2023-07-12 04:38:43,Jayden,107,www.myschool.com,91m
2023-07-11 17:47:48,Carlos,96,www.myschool.com,24m
2023-07-10 22:49:58,Ethan,61,www.myschool.com,119m
2023-07-10 18:59:17,Jack,318,www.myschool.com,11m
2023-07-10 18:12:37,Sebastian,64,www.myschool.com,32m
2023-07-10 08:40:31,Kimberly,181,www.myschool.com,3m
2023-07-10 02:51:18,Antonio,230,www.myschool.com,113m
2023-07-09 14:52:17,Noah,18,www.myschool.com,22m
2023-07-09 08:08:31,Cole,291,www.myschool.com,36m
2023-07-09 02:49:53,Kiara,400,www.myschool.com,54m
2023-07-09 02:49:48,Mckenzie,140,www.myschool.com,59m
2023-07-08 20:17:42,George,210,www.myschool.com,47m
2023-07-08 10:08:43,Joshua,391,www.myschool.com,29m
2023-07-08 00:53:58,Morgan,97,www.myschool.com,58m
2023-07-07 15:01:07,Katherine,108,www.myschool.com,3m
2023-07-07 00:30:47,Brooke,287,www.myschool.com,65m
2023-07-06 21:49:59,Johnathan,378,www.myschool.com,91m
2023-07-06 11:12:30,Isabella,320,www.myschool.com,2m
2023-07-06 10:56:05,Victoria,329,www.myschool.com,63m
2023-07-06 03:56:52,Margaret,93,www.myschool.com,115m
2023-07-05 23:17:04,Peyton,300,www.myschool.com,19m
2023-07-05 16:59:08,Marissa,370,www.myschool.com,36m
2023-07-05 15:59:08,Mary,9,www.myschool.com,89m
2023-07-05 11:29:44,Riley,293,www.myschool.com,103m
2023-07-04 15:41:49,Henry,307,www.myschool.com,63m
2023-07-04 13:36:03,Katie,94,www.myschool.com,72m
2023-07-04 10:12:35,Hector,85,www.myschool.com,33m
2023-07-03 23:37:31,Giovanni,342,www.myschool.com,118m
2023-07-03 16:06:00,Ava,73,www.myschool.com,89m
2023-07-03 13:07:11,Audrey,43,www.myschool.com,78m
2023-07-03 01:09:45,Kiara,400,www.myschool.com,80m
2023-07-02 20:00:53,Owen,314,www.myschool.com,38m
2023-07-02 19:40:04,Giovanni,342,www.myschool.com,46m
2023-07-02 17:35:24,Brody,346,www.myschool.com,110m
2023-07-02 09:12:42,Isaiah,82,www.myschool.com,14m
2023-07-02 03:20:03,Joshua,391,www.myschool.com,38m
2023-07-01 21:07:05,Michelle,139,www.myschool.com,39m
2023-07-01 04:08:38,Michael,270,www.myschool.com,82m
2023-07-01 02:03:59,Donovan,284,www.myschool.com,91m
2023-06-30 23:48:46,Genesis,353,www.myschool.com,93m
2023-06-29 22:00:41,Erica,92,www.myschool.com,104m
2023-06-29 17:58:04,Nolan,351,www.myschool.com,13m
2023-06-29 11:34:28,Nathaniel,278,www.myschool.com,95m
2023-06-29 00:48:55,Andrea,259,www.myschool.com,75m
2023-06-28 21:22:10,Luis,201,www.myschool.com,81m
2023-06-28 18:32:00,Gabriel,155,www.myschool.com,39m
2023-06-28 17:01:28,Savannah,343,www.myschool.com,19m
2023-06-28 10:46:51,Michael,270,www.myschool.com,93m
2023-06-27 22:39:57,Zoe,385,www.myschool.com,74m
2023-06-27 20:34:47,Aaron,327,www.myschool.com,61m
2023-06-27 19:13:06,Liliana,146,www.myschool.com,16m
2023-06-27 10:58:33,Alexandra,28,www.myschool.com,37m
2023-06-27 10:37:21,Leah,372,www.myschool.com,87m
2023-06-27 04:33:04,Trenton,130,www.myschool.com,47m
2023-06-27 02:34:23,Leah,372,www.myschool.com,94m
2023-06-26 18:23:40,Lindsey,65,www.myschool.com,103m
2023-06-26 11:02:28,Ian,315,www.myschool.com,30m
2023-06-26 06:52:13,Trenton,130,www.myschool.com,81m
2023-06-26 03:14:03,Jose,246,www.myschool.com,110m
2023-06-26 02:27:58,Abby,260,www.myschool.com,14m
2023-06-26 00:30:08,Mary,9,www.myschool.com,95m
2023-06-26 00:26:34,Cristian,135,www.myschool.com,52m
2023-06-25 21:39:34,Xavier,143,www.myschool.com,61m
2023-06-25 19:18:38,Peter,13,www.myschool.com,85m
2023-06-25 18:40:38,Caden,40,www.myschool.com,12m
2023-06-25 06:51:40,Juan,301,www.myschool.com,25m
2023-06-24 15:11:19,Isabelle,197,www.myschool.com,62m
2023-06-24 07:16:48,Joel,144,www.myschool.com,113m
2023-06-23 17:38:02,Daniel,213,www.myschool.com,101m
2023-06-23 08:45:42,Victoria,329,www.myschool.com,27m
2023-06-22 16:28:53,Elias,14,www.myschool.com,110m
2023-06-22 02:46:58,Destiny,22,www.myschool.com,74m
2023-06-22 00:04:24,Miguel,243,www.myschool.com,10m
2023-06-22 00:04:00,Erik,360,www.myschool.com,77m
2023-06-21 19:02:44,Alondra,214,www.myschool.com,109m
2023-06-21 11:04:39,Vincent,148,www.myschool.com,46m
2023-06-21 05:23:23,Eduardo,159,www.myschool.com,1m
2023-06-21 03:26:53,Logan,390,www.myschool.com,27m
2023-06-20 13:17:09,Preston,30,www.myschool.com,117m
2023-06-20 08:57:58,Eli,297,www.myschool.com,43m
2023-06-20 07:32:24,Anthony,23,www.myschool.com,85m
2023-06-20 06:46:25,Genesis,353,www.myschool.com,58m
2023-06-18 19:30:06,Kevin,8,www.myschool.com,111m
2023-06-18 16:44:51,Christina,54,www.myschool.com,3m
2023-06-18 16:42:10,Amber,119,www.myschool.com,62m
2023-06-18 11:55:22,Kiara,400,www.myschool.com,24m
2023-06-18 04:52:28,Lauren,279,www.myschool.com,47m
2023-06-17 10:01:03,Edward,263,www.myschool.com,61m
2023-06-17 05:04:35,Alicia,162,www.myschool.com,3m
2023-06-17 03:43:02,Nolan,351,www.myschool.com,36m
2023-06-16 16:01:58,Ruby,282,www.myschool.com,61m
2023-06-16 13:55:47,Courtney,247,www.myschool.com,118m
2023-06-16 03:19:25,Ella,341,www.myschool.com,25m
2023-06-16 02:41:32,Sergio,319,www.myschool.com,102m
2023-06-15 22:33:58,Cassandra,299,www.myschool.com,120m
2023-06-15 00:35:06,Christian,196,www.myschool.com,85m
2023-06-14 21:44:21,Sadie,384,www.myschool.com,114m
2023-06-14 04:18:15,Taylor,190,www.myschool.com,62m
2023-06-13 12:16:50,Tiffany,154,www.myschool.com,111m
2023-06-13 01:13:35,Reagan,74,www.myschool.com,61m
2023-06-12 22:34:07,Danielle,321,www.myschool.com,30m
2023-06-12 17:02:37,Antonio,230,www.myschool.com,82m
2023-06-12 16:04:08,Josiah,99,www.myschool.com,81m
2023-06-12 10:37:34,Tiffany,154,www.myschool.com,113m
2023-06-12 08:57:04,Taylor,190,www.myschool.com,69m
2023-06-12 06:11:55,Abby,260,www.myschool.com,53m
2023-06-11 23:35:56,Madelyn,224,www.myschool.com,85m
2023-06-10 19:03:51,Elijah,199,www.myschool.com,114m
2023-06-10 15:53:28,Courtney,247,www.myschool.com,7m
2023-06-09 23:07:37,Abby,260,www.myschool.com,63m
2023-06-09 18:17:47,Sean,337,www.myschool.com,32m
2023-06-08 17:49:47,Donovan,284,www.myschool.com,48m
2023-06-08 06:18:51,Micah,121,www.myschool.com,89m
2023-06-08 03:05:34,Ashton,266,www.myschool.com,22m
2023-06-07 23:50:56,Megan,36,www.myschool.com,10m
2023-06-07 16:13:38,Patrick,106,www.myschool.com,101m
2023-06-07 15:20:39,Delaney,344,www.myschool.com,14m
2023-06-07 07:07:28,Shane,267,www.myschool.com,40m
2023-06-07 04:40:33,Jasmin,83,www.myschool.com,43m
2023-06-06 20:29:49,Sierra,212,www.myschool.com,18m
2023-06-06 19:01:39,Cassandra,299,www.myschool.com,82m
2023-06-06 12:19:30,Kevin,8,www.myschool.com,71m
2023-06-06 07:40:34,Charlotte,232,www.myschool.com,69m
2023-06-05 19:14:15,Trevor,356,www.myschool.com,0m
2023-06-05 09:02:08,Mary,9,www.myschool.com,9m
2023-06-05 01:26:43,Landon,368,www.myschool.com,35m
2023-06-04 16:32:52,Paige,174,www.myschool.com,43m
2023-06-04 16:20:25,Emily,248,www.myschool.com,5m
2023-06-04 14:17:01,Sophie,296,www.myschool.com,11m
2023-06-04 09:10:27,Alexa,29,www.myschool.com,70m
2023-06-04 08:44:37,Amy,39,www.myschool.com,63m
2023-06-04 07:15:37,Seth,76,www.myschool.com,72m
2023-06-03 23:15:52,Jesse,358,www.myschool.com,79m
2023-06-03 14:31:51,Anna,310,www.myschool.com,5m
2023-06-03 14:05:57,Riley,293,www.myschool.com,23m
2023-06-03 12:26:18,Alejandro,393,www.myschool.com,8m
2023-06-03 06:02:28,Brady,281,www.myschool.com,14m
2023-06-02 23:33:13,Tiffany,154,www.myschool.com,39m
2023-06-02 22:38:46,Kaylee,48,www.myschool.com,99m
2023-06-02 06:34:44,Erick,289,www.myschool.com,56m
2023-06-02 02:42:39,Devin,253,www.myschool.com,7m
2023-06-02 01:26:38,Jonah,308,www.myschool.com,66m
2023-06-01 20:37:42,Evelyn,91,www.myschool.com,28m
2023-05-31 16:42:32,Hailey,105,www.myschool.com,62m
2023-05-30 22:18:48,Garrett,165,www.myschool.com,83m
2023-05-30 20:59:51,Andrea,259,www.myschool.com,111m
2023-05-30 18:17:42,Michelle,139,www.myschool.com,39m
2023-05-29 21:19:47,Daniel,213,www.myschool.com,56m
2023-05-29 19:49:34,Malachi,238,www.myschool.com,85m
2023-05-29 08:17:59,Alyssa,294,www.myschool.com,102m
2023-05-29 01:45:08,Jordan,81,www.myschool.com,38m
2023-05-28 23:24:36,Olivia,161,www.myschool.com,52m
2023-05-28 19:14:52,Jackson,109,www.myschool.com,10m
2023-05-28 07:12:59,Sergio,319,www.myschool.com,50m
2023-05-27 23:15:29,Cassandra,299,www.myschool.com,95m
2023-05-27 21:48:26,Joseph,209,www.myschool.com,107m
2023-05-26 14:28:31,Cesar,24,www.myschool.com,51m
2023-05-26 04:21:11,Sarah,51,www.myschool.com,106m
2023-05-25 22:44:18,Miguel,243,www.myschool.com,115m
2023-05-25 15:08:02,Conner,225,www.myschool.com,72m
2023-05-25 05:54:40,George,210,www.myschool.com,112m
2023-05-24 22:56:07,Audrey,43,www.myschool.com,101m
2023-05-24 22:32:34,Lucy,394,www.myschool.com,93m
2023-05-24 15:51:31,Braden,104,www.myschool.com,31m
2023-05-24 14:46:16,Jenna,383,www.myschool.com,79m
2023-05-23 21:27:38,Samuel,255,www.myschool.com,120m
2023-05-23 08:24:51,Alex,56,www.myschool.com,69m
2023-05-23 04:59:47,Hunter,153,www.myschool.com,96m
2023-05-22 14:45:12,Francisco,164,www.myschool.com,69m
2023-05-22 13:13:36,Jacqueline,67,www.myschool.com,28m
2023-05-21 23:06:22,Maya,352,www.myschool.com,116m
2023-05-21 10:51:28,Eric,233,www.myschool.com,60m
2023-05-21 10:41:19,Veronica,207,www.myschool.com,10m
2023-05-20 14:22:11,Abby,260,www.myschool.com,66m
2023-05-20 06:26:57,Emma,306,www.myschool.com,54m
2023-05-19 18:04:25,Parker,62,www.myschool.com,81m
2023-05-19 05:31:34,Landon,368,www.myschool.com,21m
2023-05-18 23:48:32,Breanna,98,www.myschool.com,3m
2023-05-18 19:57:50,Sydney,172,www.myschool.com,80m
2023-05-18 18:06:02,Katelyn,312,www.myschool.com,59m
2023-05-18 15:13:41,Marcus,251,www.myschool.com,99m
2023-05-18 10:54:00,Lilly,138,www.myschool.com,70m
2023-05-18 09:00:50,Kathryn,87,www.myschool.com,88m
2023-05-17 21:31:37,Peyton,300,www.myschool.com,88m
2023-05-17 20:02:17,Mark,292,www.myschool.com,39m
2023-05-17 18:55:16,Brianna,21,www.myschool.com,10m
2023-05-17 12:54:32,Lilly,138,www.myschool.com,68m
2023-05-17 10:35:24,Tyler,220,www.myschool.com,88m
2023-05-17 09:42:55,Abigail,1,www.myschool.com,17m
2023-05-17 01:36:12,Genesis,353,www.myschool.com,16m
2023-05-16 15:38:28,Jacob,226,www.myschool.com,96m
2023-05-15 17:54:52,Natalia,379,www.myschool.com,119m
2023-05-15 12:50:43,Sophia,357,www.myschool.com,101m
2023-05-15 01:12:48,Omar,185,www.myschool.com,119m
2023-05-14 16:51:42,Spencer,110,www.myschool.com,105m
2023-05-14 14:34:13,Noah,18,www.myschool.com,38m
2023-05-13 06:58:54,Vincent,148,www.myschool.com,76m
2023-05-13 06:34:34,Savannah,343,www.myschool.com,111m
2023-05-13 04:44:49,Gavin,330,www.myschool.com,45m
2023-05-13 02:22:02,Summer,89,www.myschool.com,113m
2023-05-12 19:51:48,Christina,54,www.myschool.com,39m
2023-05-12 17:53:28,Ariana,231,www.myschool.com,36m
2023-05-12 13:56:45,Isaiah,82,www.myschool.com,65m
2023-05-12 13:41:46,Mckenzie,140,www.myschool.com,46m
2023-05-12 13:25:06,Breanna,98,www.myschool.com,29m
2023-05-12 11:26:15,Derek,25,www.myschool.com,93m
2023-05-12 07:39:02,Claire,252,www.myschool.com,45m
2023-05-12 07:06:45,Vanessa,305,www.myschool.com,120m
2023-05-11 23:41:35,Abby,260,www.myschool.com,32m
2023-05-11 18:00:35,Raymond,219,www.myschool.com,20m
2023-05-11 13:04:51,Katherine,108,www.myschool.com,50m
2023-05-11 03:30:33,Vanessa,305,www.myschool.com,77m
2023-05-10 23:54:46,Layla,365,www.myschool.com,52m
2023-05-10 17:11:26,Christian,196,www.myschool.com,20m
2023-05-09 18:35:19,Braden,104,www.myschool.com,30m
2023-05-09 18:29:05,Amanda,32,www.myschool.com,70m
2023-05-09 18:28:47,Paige,174,www.myschool.com,49m
2023-05-09 18:14:27,Ryan,218,www.myschool.com,103m
2023-05-09 08:43:50,Morgan,97,www.myschool.com,78m
2023-05-09 06:24:01,Brody,346,www.myschool.com,93m
2023-05-09 01:10:16,Bryce,205,www.myschool.com,65m
2023-05-08 22:01:51,Erica,92,www.myschool.com,77m
2023-05-08 20:50:58,Alexis,111,www.myschool.com,47m
2023-05-08 00:21:23,Courtney,247,www.myschool.com,21m
2023-05-07 13:17:14,Mackenzie,347,www.myschool.com,24m
2023-05-07 10:07:26,Liliana,146,www.myschool.com,43m
2023-05-07 05:21:36,Alexis,111,www.myschool.com,73m
2023-05-07 01:35:28,Savannah,343,www.myschool.com,56m
2023-05-07 01:05:56,Maria,184,www.myschool.com,73m
2023-05-06 15:04:20,Jeremiah,382,www.myschool.com,19m
2023-05-06 10:54:37,Nathan,371,www.myschool.com,17m
2023-05-06 09:15:00,Josiah,99,www.myschool.com,29m
2023-05-05 23:05:25,Aidan,235,www.myschool.com,22m
2023-05-05 11:05:15,Karina,348,www.myschool.com,35m
2023-05-05 00:08:31,Malachi,238,www.myschool.com,84m
2023-05-04 20:04:59,Katelyn,312,www.myschool.com,31m
2023-05-04 19:28:45,Summer,89,www.myschool.com,46m
2023-05-04 15:45:47,Colin,283,www.myschool.com,9m
2023-05-04 10:59:29,Colton,234,www.myschool.com,18m
2023-05-04 02:17:40,Allison,192,www.myschool.com,82m
2023-05-04 00:33:54,Oliver,16,www.myschool.com,65m
2023-05-03 12:25:45,Jared,84,www.myschool.com,58m
2023-05-03 11:32:32,Jasmine,141,www.myschool.com,3m
2023-05-03 10:43:15,Audrey,43,www.myschool.com,98m
2023-05-03 10:14:14,Leslie,136,www.myschool.com,40m
2023-05-03 07:35:46,Gabrielle,114,www.myschool.com,49m
2023-05-03 01:41:22,Angel,20,www.myschool.com,26m
2023-05-02 16:54:24,Hayden,336,www.myschool.com,104m
2023-05-02 05:15:42,Faith,34,www.myschool.com,41m
2023-05-01 13:06:10,Xavier,143,www.myschool.com,35m
2023-05-01 07:22:50,Jose,246,www.myschool.com,4m
2023-05-01 02:03:26,Samantha,193,www.myschool.com,110m
2023-04-30 14:21:51,Zachary,222,www.myschool.com,75m
2023-04-30 11:17:11,Alyssa,294,www.myschool.com,116m
2023-04-30 08:34:47,Levi,386,www.myschool.com,101m
2023-04-30 07:20:58,Mya,269,www.myschool.com,61m
2023-04-30 06:52:13,Jeremy,257,www.myschool.com,83m
2023-04-29 17:37:24,Kevin,8,www.myschool.com,9m
2023-04-29 03:18:08,Brooke,287,www.myschool.com,94m
2023-04-29 02:00:49,Kenneth,183,www.myschool.com,48m
2023-04-28 22:27:35,Alan,131,www.myschool.com,120m
2023-04-28 18:02:50,Brady,281,www.myschool.com,34m
2023-04-28 05:29:53,Rachel,286,www.myschool.com,65m
2023-04-27 23:48:08,Isaiah,82,www.myschool.com,90m
2023-04-27 21:53:06,Colton,234,www.myschool.com,10m
2023-04-27 15:34:15,Angel,20,www.myschool.com,18m
2023-04-27 13:39:54,Liliana,146,www.myschool.com,31m
2023-04-27 11:25:31,Katherine,108,www.myschool.com,101m
2023-04-27 10:53:56,Briana,249,www.myschool.com,116m
2023-04-27 06:17:23,Kiara,400,www.myschool.com,61m
2023-04-26 20:17:58,Jasmin,83,www.myschool.com,96m
2023-04-26 09:14:19,Sergio,319,www.myschool.com,7m
2023-04-25 22:53:16,Abigail,1,www.myschool.com,23m
2023-04-25 21:16:03,Devin,253,www.myschool.com,61m
2023-04-25 21:09:28,Ashton,266,www.myschool.com,38m
2023-04-25 16:17:13,Sara,245,www.myschool.com,73m
2023-04-25 13:00:05,Amanda,32,www.myschool.com,73m
2023-04-25 04:24:02,Noah,18,www.myschool.com,81m
2023-04-24 21:29:05,Richard,163,www.myschool.com,58m
2023-04-24 07:18:21,Carlos,96,www.myschool.com,105m
2023-04-24 06:54:06,Edward,263,www.myschool.com,28m
2023-04-24 03:31:54,Kendall,262,www.myschool.com,32m
2023-04-23 08:45:30,Steven,152,www.myschool.com,36m
2023-04-23 03:50:03,Peyton,300,www.myschool.com,5m
2023-04-23 01:50:08,Nevaeh,398,www.myschool.com,107m
2023-04-23 01:35:20,Amy,39,www.myschool.com,23m
2023-04-22 22:57:02,Luke,177,www.myschool.com,120m
2023-04-22 21:25:04,Giovanni,342,www.myschool.com,115m
2023-04-22 18:16:43,Oscar,265,www.myschool.com,59m
2023-04-22 16:23:46,Alexandria,328,www.myschool.com,75m
2023-04-22 14:37:56,Vincent,148,www.myschool.com,6m
2023-04-22 11:45:28,Alexia,187,www.myschool.com,67m
2023-04-22 11:01:41,Owen,314,www.myschool.com,34m
2023-04-22 09:30:18,Jillian,399,www.myschool.com,85m
2023-04-22 06:03:57,Leslie,136,www.myschool.com,118m
2023-04-22 06:03:54,Caden,40,www.myschool.com,118m
2023-04-22 00:06:12,Zoe,385,www.myschool.com,61m
2023-04-21 23:09:43,Noah,18,www.myschool.com,29m
2023-04-21 21:33:53,Shelby,3,www.myschool.com,105m
2023-04-21 18:52:31,Juliana,53,www.myschool.com,67m
2023-04-21 16:09:34,Robert,221,www.myschool.com,19m
2023-04-21 16:05:18,Cassidy,254,www.myschool.com,102m
2023-04-21 15:59:53,Peyton,101,www.myschool.com,106m
2023-04-21 12:46:13,Colin,283,www.myschool.com,36m
2023-04-21 08:23:31,Ashton,266,www.myschool.com,71m
2023-04-20 23:47:56,Olivia,161,www.myschool.com,66m
2023-04-20 03:35:49,Cooper,194,www.myschool.com,88m
2023-04-19 21:28:21,Sarah,51,www.myschool.com,33m
2023-04-19 14:21:42,Edgar,203,www.myschool.com,41m
2023-04-19 12:27:33,Colby,176,www.myschool.com,113m
2023-04-19 07:11:18,Madelyn,224,www.myschool.com,116m
2023-04-19 06:39:48,Miranda,179,www.myschool.com,12m
2023-04-18 20:46:48,Kevin,8,www.myschool.com,50m
2023-04-18 11:06:35,John,12,www.myschool.com,103m
2023-04-18 09:45:20,Abraham,228,www.myschool.com,81m
2023-04-18 04:05:22,Tristan,88,www.myschool.com,84m
2023-04-17 15:17:06,Steven,152,www.myschool.com,24m
2023-04-17 14:02:09,Summer,89,www.myschool.com,35m
2023-04-17 00:21:13,Giselle,132,www.myschool.com,90m
2023-04-16 23:22:32,Wyatt,168,www.myschool.com,112m
2023-04-16 07:37:44,Danielle,321,www.myschool.com,87m
2023-04-16 00:30:49,Adam,133,www.myschool.com,108m
2023-04-15 18:25:32,Briana,249,www.myschool.com,111m
2023-04-15 10:54:56,Kelsey,77,www.myschool.com,64m
2023-04-15 02:54:18,Miranda,179,www.myschool.com,39m
2023-04-15 02:33:17,Ayden,35,www.myschool.com,75m
2023-04-15 01:40:37,James,49,www.myschool.com,16m
2023-04-15 01:27:15,Hannah,362,www.myschool.com,84m
2023-04-14 00:15:53,Sophia,357,www.myschool.com,53m
2023-04-13 19:22:22,Jeremiah,382,www.myschool.com,85m
2023-04-13 12:10:56,Danielle,321,www.myschool.com,89m
2023-04-13 08:21:56,Sabrina,325,www.myschool.com,2m
2023-04-12 21:07:55,Elizabeth,46,www.myschool.com,40m
2023-04-12 20:10:15,Alexandra,28,www.myschool.com,98m
2023-04-12 18:53:48,Makenzie,349,www.myschool.com,73m
2023-04-12 05:57:41,Johnathan,378,www.myschool.com,13m
2023-04-11 23:49:54,Mario,227,www.myschool.com,42m
2023-04-11 18:29:25,Mckenzie,140,www.myschool.com,4m
2023-04-11 13:20:28,Evelyn,91,www.myschool.com,14m
2023-04-11 06:25:57,Kennedy,211,www.myschool.com,13m
2023-04-11 05:21:07,Makayla,157,www.myschool.com,112m
2023-04-10 23:47:45,Nicholas,359,www.myschool.com,39m
2023-04-10 18:18:01,Kylie,189,www.myschool.com,33m
2023-04-10 01:19:38,Brayden,200,www.myschool.com,58m
2023-04-10 00:14:35,Zachary,222,www.myschool.com,60m
2023-04-09 22:15:15,Chelsea,392,www.myschool.com,21m
2023-04-09 19:42:09,Dalton,45,www.myschool.com,96m
2023-04-09 14:12:13,Tanner,170,www.myschool.com,112m
2023-04-09 14:05:38,Breanna,98,www.myschool.com,114m
2023-04-09 11:58:32,Peter,13,www.myschool.com,32m
2023-04-09 03:43:42,Aaron,327,www.myschool.com,57m
2023-04-08 18:48:40,Cody,6,www.myschool.com,79m
2023-04-08 10:57:41,Eli,297,www.myschool.com,25m
2023-04-08 10:45:13,Brian,331,www.myschool.com,56m
2023-04-08 07:05:55,Jesus,15,www.myschool.com,24m
2023-04-08 03:30:00,Kelly,350,www.myschool.com,98m
2023-04-08 02:17:45,Jonah,308,www.myschool.com,59m
2023-04-07 23:08:35,Brady,281,www.myschool.com,65m
2023-04-07 16:27:46,Jennifer,275,www.myschool.com,86m
2023-04-07 10:56:23,Madison,38,www.myschool.com,100m
2023-04-07 03:53:57,Edwin,41,www.myschool.com,47m
2023-04-07 02:30:36,Sofia,150,www.myschool.com,114m
2023-04-06 22:38:03,Veronica,207,www.myschool.com,95m
2023-04-06 19:47:19,Spencer,110,www.myschool.com,13m
2023-04-06 11:34:51,Peyton,300,www.myschool.com,61m
2023-04-06 06:05:40,Karina,348,www.myschool.com,39m
2023-04-06 02:00:19,Hailey,105,www.myschool.com,23m
2023-04-05 09:50:25,Amanda,32,www.myschool.com,28m
2023-04-04 21:55:15,Andres,317,www.myschool.com,71m
2023-04-04 14:46:54,Alyssa,294,www.myschool.com,97m
2023-04-04 11:49:33,Jennifer,275,www.myschool.com,64m
2023-04-04 10:55:54,Kaitlyn,72,www.myschool.com,7m
2023-04-03 17:05:50,Shelby,3,www.myschool.com,92m
2023-04-03 13:21:20,Logan,390,www.myschool.com,35m
2023-04-03 12:41:14,Megan,36,www.myschool.com,103m
2023-04-03 07:25:09,Ruby,282,www.myschool.com,51m
2023-04-02 22:09:52,Timothy,206,www.myschool.com,26m
2023-04-02 13:57:47,Morgan,97,www.myschool.com,91m
2023-04-02 12:10:11,Sierra,212,www.myschool.com,15m
2023-04-02 04:42:38,Tiffany,154,www.myschool.com,19m
2023-04-01 19:37:52,Reagan,74,www.myschool.com,21m
2023-04-01 12:44:50,Briana,249,www.myschool.com,48m
2023-04-01 09:41:51,Sabrina,325,www.myschool.com,80m
2023-04-01 09:32:33,Faith,34,www.myschool.com,68m
2023-04-01 06:35:37,Autumn,188,www.myschool.com,32m
2023-04-01 05:47:27,Victoria,329,www.myschool.com,75m
2023-03-31 23:55:46,Damian,242,www.myschool.com,4m
2023-03-31 20:06:10,Maya,352,www.myschool.com,95m
2023-03-31 17:43:48,Emmanuel,123,www.myschool.com,79m
2023-03-31 16:25:31,Jessica,295,www.myschool.com,59m
2023-03-31 10:26:08,Brittany,102,www.myschool.com,76m
2023-03-31 08:45:49,Claire,252,www.myschool.com,88m
2023-03-30 14:06:59,Shawn,27,www.myschool.com,38m
2023-03-30 08:38:11,Zachary,222,www.myschool.com,65m
2023-03-30 05:35:11,Tyler,220,www.myschool.com,31m
2023-03-30 02:55:32,Christina,54,www.myschool.com,20m
2023-03-29 23:22:16,Nolan,351,www.myschool.com,28m
2023-03-29 23:05:07,Vanessa,305,www.myschool.com,81m
2023-03-29 12:48:35,Joseph,209,www.myschool.com,97m
2023-03-29 09:55:55,Anna,310,www.myschool.com,65m
2023-03-29 05:57:01,Avery,151,www.myschool.com,13m
2023-03-29 02:16:44,Isabelle,197,www.myschool.com,108m
2023-03-28 21:23:58,Sean,337,www.myschool.com,11m
2023-03-28 17:57:08,Braden,104,www.myschool.com,61m
2023-03-28 13:58:55,George,210,www.myschool.com,65m
2023-03-28 05:21:19,Trinity,171,www.myschool.com,19m
2023-03-28 05:15:18,Henry,307,www.myschool.com,21m
2023-03-27 23:02:57,Peyton,300,www.myschool.com,63m
2023-03-27 14:07:44,Kylie,189,www.myschool.com,119m
2023-03-27 03:56:04,Jasmine,141,www.myschool.com,88m
2023-03-27 01:16:07,Gabriel,155,www.myschool.com,49m
2023-03-27 01:12:40,Taylor,190,www.myschool.com,76m
2023-03-26 22:42:03,Breanna,98,www.myschool.com,76m
2023-03-26 22:40:10,Edwin,41,www.myschool.com,31m
2023-03-26 22:15:37,Damian,242,www.myschool.com,66m
2023-03-25 17:24:20,Mark,292,www.myschool.com,9m
2023-03-25 03:00:02,Gianna,31,www.myschool.com,20m
2023-03-24 15:38:38,Alex,56,www.myschool.com,53m
2023-03-24 15:26:29,Wesley,229,www.myschool.com,51m
2023-03-24 08:53:48,Spencer,110,www.myschool.com,108m
2023-03-23 21:22:15,Jonah,308,www.myschool.com,77m
2023-03-23 15:20:15,Ashley,173,www.myschool.com,11m
2023-03-23 08:43:02,Wesley,229,www.myschool.com,32m
2023-03-23 07:53:52,Gage,69,www.myschool.com,67m
2023-03-23 04:09:35,Giovanni,342,www.myschool.com,38m
2023-03-22 14:08:59,Gabriel,155,www.myschool.com,41m
2023-03-21 21:09:08,George,210,www.myschool.com,74m
2023-03-21 18:59:34,Jonathan,273,www.myschool.com,11m
2023-03-21 13:18:27,Aaron,327,www.myschool.com,8m
2023-03-21 04:38:40,Jayden,107,www.myschool.com,13m
2023-03-20 20:19:59,Patrick,106,www.myschool.com,101m
2023-03-20 16:55:40,Sarah,51,www.myschool.com,42m
2023-03-20 13:31:06,Gracie,223,www.myschool.com,93m
2023-03-19 22:30:11,Ava,73,www.myschool.com,57m
2023-03-19 18:23:31,Avery,151,www.myschool.com,15m
2023-03-19 07:03:17,Stephen,258,www.myschool.com,14m
2023-03-19 04:19:41,Adrian,236,www.myschool.com,27m
2023-03-18 21:18:49,Sofia,150,www.myschool.com,112m
2023-03-18 06:36:23,Sierra,212,www.myschool.com,1m
2023-03-18 00:01:09,Sara,245,www.myschool.com,110m
2023-03-17 20:43:19,Sergio,319,www.myschool.com,65m
2023-03-16 21:20:55,Alexandria,328,www.myschool.com,28m
2023-03-16 19:49:29,Owen,314,www.myschool.com,76m
2023-03-15 22:44:36,Anna,310,www.myschool.com,64m
2023-03-15 13:58:14,Emmanuel,123,www.myschool.com,1m
2023-03-15 12:04:46,Jose,246,www.myschool.com,94m
2023-03-15 09:28:46,Mckenzie,140,www.myschool.com,30m
2023-03-15 01:00:11,Dylan,55,www.myschool.com,93m
2023-03-15 00:41:40,Malachi,238,www.myschool.com,101m
2023-03-14 23:17:56,Karen,250,www.myschool.com,61m
2023-03-14 02:05:17,Alexis,78,www.myschool.com,42m
2023-03-13 20:35:19,Paige,174,www.myschool.com,106m
2023-03-13 20:34:18,Gregory,7,www.myschool.com,96m
2023-03-13 19:47:38,Carlos,96,www.myschool.com,100m
2023-03-13 06:41:38,John,12,www.myschool.com,82m
2023-03-12 15:30:52,Henry,307,www.myschool.com,58m
2023-03-12 09:56:40,Daniel,213,www.myschool.com,50m
2023-03-11 22:31:25,Mckenzie,140,www.myschool.com,83m
2023-03-11 20:44:31,James,49,www.myschool.com,93m
2023-03-11 13:53:21,Eva,75,www.myschool.com,15m
2023-03-11 09:01:33,Aaliyah,215,www.myschool.com,106m
2023-03-11 08:52:26,Cole,291,www.myschool.com,67m
2023-03-10 21:37:26,Landon,368,www.myschool.com,68m
2023-03-10 20:47:35,Leslie,136,www.myschool.com,4m
2023-03-10 14:25:26,Anthony,23,www.myschool.com,117m
2023-03-10 02:45:44,William,239,www.myschool.com,31m
2023-03-09 15:23:48,Collin,396,www.myschool.com,51m
2023-03-09 13:28:56,Lucas,202,www.myschool.com,40m
2023-03-09 06:24:08,George,210,www.myschool.com,69m
2023-03-09 05:37:30,Michelle,139,www.myschool.com,34m
2023-03-09 04:59:14,Sierra,212,www.myschool.com,113m
2023-03-08 18:59:35,Ruby,282,www.myschool.com,100m
2023-03-08 16:35:32,Henry,307,www.myschool.com,50m
2023-03-08 15:00:05,Erica,92,www.myschool.com,17m
2023-03-08 14:33:34,Lydia,335,www.myschool.com,13m
2023-03-07 23:08:41,Victoria,329,www.myschool.com,54m
2023-03-07 18:20:08,Erica,92,www.myschool.com,17m
2023-03-07 15:12:11,Edwin,41,www.myschool.com,18m
2023-03-07 14:07:41,Kate,186,www.myschool.com,103m
2023-03-07 01:42:45,Malachi,238,www.myschool.com,38m
2023-03-06 21:02:00,Jocelyn,377,www.myschool.com,59m
2023-03-06 19:52:19,Liliana,146,www.myschool.com,89m
2023-03-06 19:21:47,Erin,354,www.myschool.com,8m
2023-03-06 16:36:48,George,210,www.myschool.com,17m
2023-03-06 13:38:56,Manuel,195,www.myschool.com,110m
2023-03-06 10:23:30,Jalen,134,www.myschool.com,79m
2023-03-05 22:10:49,Daisy,395,www.myschool.com,22m
2023-03-05 17:26:07,Sophie,296,www.myschool.com,8m
2023-03-05 16:09:27,Eduardo,159,www.myschool.com,117m
2023-03-05 15:39:32,Sofia,150,www.myschool.com,117m
2023-03-05 14:33:53,Anna,310,www.myschool.com,42m
2023-03-05 09:58:29,Hector,85,www.myschool.com,32m
2023-03-05 08:21:25,Mark,292,www.myschool.com,57m
2023-03-03 23:43:10,Jaden,303,www.myschool.com,105m
2023-03-03 18:20:33,Avery,151,www.myschool.com,108m
2023-03-03 16:53:58,Riley,293,www.myschool.com,49m
2023-03-03 15:46:29,Ayden,35,www.myschool.com,112m
2023-03-03 15:04:01,Trinity,171,www.myschool.com,26m
2023-03-03 07:14:28,Tyler,220,www.myschool.com,60m
2023-03-03 05:25:50,Ashton,266,www.myschool.com,109m
2023-03-01 19:47:50,Maxwell,86,www.myschool.com,42m
2023-03-01 11:18:28,Cameron,366,www.myschool.com,8m
2023-02-28 21:20:07,Peyton,101,www.myschool.com,117m
2023-02-28 14:07:53,Samuel,255,www.myschool.com,1m
2023-02-27 17:55:21,Tristan,88,www.myschool.com,25m
2023-02-27 09:32:22,Jordan,81,www.myschool.com,13m
2023-02-27 02:48:52,Raymond,219,www.myschool.com,4m
2023-02-26 20:56:15,Hailey,105,www.myschool.com,114m
2023-02-26 01:06:27,Edwin,41,www.myschool.com,113m
2023-02-25 10:48:29,Chelsea,392,www.myschool.com,0m
2023-02-25 08:02:47,Jayla,333,www.myschool.com,34m
2023-02-24 16:09:19,Natalie,180,www.myschool.com,109m
2023-02-24 01:35:23,Stephanie,241,www.myschool.com,118m
2023-02-23 23:18:41,Xavier,143,www.myschool.com,21m
2023-02-23 13:54:21,Zoey,100,www.myschool.com,37m
2023-02-23 07:54:19,Avery,151,www.myschool.com,114m
2023-02-23 07:15:32,Liliana,146,www.myschool.com,45m
2023-02-23 01:43:15,Ella,341,www.myschool.com,9m
2023-02-22 17:25:36,Jada,271,www.myschool.com,10m
2023-02-22 16:09:02,Charles,71,www.myschool.com,61m
2023-02-21 18:27:15,Erin,354,www.myschool.com,62m
2023-02-21 18:12:02,Joseph,209,www.myschool.com,27m
2023-02-21 01:21:46,Brittany,102,www.myschool.com,43m
2023-02-20 22:28:59,Thomas,90,www.myschool.com,119m
2023-02-20 14:30:46,Joseph,209,www.myschool.com,92m
2023-02-20 12:25:37,Caitlyn,381,www.myschool.com,117m
2023-02-20 07:57:20,Tristan,88,www.myschool.com,87m
2023-02-20 06:23:13,Brody,346,www.myschool.com,69m
2023-02-20 04:30:59,Addison,103,www.myschool.com,105m
2023-02-19 23:19:42,Andres,317,www.myschool.com,17m
2023-02-19 17:33:47,Cesar,24,www.myschool.com,95m
2023-02-19 14:41:52,Ayden,35,www.myschool.com,53m
2023-02-19 12:11:44,Layla,365,www.myschool.com,88m
2023-02-19 11:07:16,Lucy,394,www.myschool.com,9m
2023-02-18 23:25:13,George,210,www.myschool.com,118m
2023-02-18 18:07:29,Edgar,203,www.myschool.com,5m
2023-02-18 14:55:54,Javier,364,www.myschool.com,8m
2023-02-18 10:35:06,Jennifer,275,www.myschool.com,102m
2023-02-18 05:59:54,Braden,104,www.myschool.com,80m
2023-02-18 04:45:32,Karen,250,www.myschool.com,94m
2023-02-17 22:56:15,Arianna,122,www.myschool.com,82m
2023-02-17 12:27:09,Madison,38,www.myschool.com,118m
2023-02-17 11:55:58,Chelsea,392,www.myschool.com,80m
2023-02-17 11:42:15,Angel,240,www.myschool.com,108m
2023-02-16 21:04:43,Adrian,236,www.myschool.com,69m
2023-02-16 15:56:12,Gage,69,www.myschool.com,10m
2023-02-16 10:10:16,Emma,306,www.myschool.com,71m
2023-02-16 06:52:26,Kylie,189,www.myschool.com,9m
2023-02-15 22:55:02,Derek,25,www.myschool.com,66m
2023-02-15 22:42:41,Jillian,399,www.myschool.com,47m
2023-02-15 21:08:51,Hope,264,www.myschool.com,100m
2023-02-15 16:45:02,Kyle,42,www.myschool.com,107m
2023-02-15 15:24:06,Ayden,35,www.myschool.com,76m
2023-02-15 00:38:53,Sean,337,www.myschool.com,14m
2023-02-14 17:02:52,Arianna,122,www.myschool.com,77m
2023-02-14 14:39:25,Kiara,400,www.myschool.com,93m
2023-02-14 11:18:22,Nicholas,359,www.myschool.com,93m
2023-02-14 04:07:01,Parker,62,www.myschool.com,35m
2023-02-14 03:56:18,Alyssa,294,www.myschool.com,34m
2023-02-14 00:42:30,Maxwell,86,www.myschool.com,86m
2023-02-13 16:22:31,Aaliyah,215,www.myschool.com,116m
2023-02-13 12:36:59,Jonah,308,www.myschool.com,52m
2023-02-13 09:45:46,Micah,121,www.myschool.com,94m
2023-02-13 03:17:15,Samantha,193,www.myschool.com,42m
2023-02-12 23:30:28,Zoe,385,www.myschool.com,102m
2023-02-12 14:09:15,Isabel,387,www.myschool.com,118m
2023-02-12 13:22:53,Isabelle,197,www.myschool.com,115m
2023-02-11 19:38:50,Brittany,102,www.myschool.com,26m
2023-02-11 19:15:00,Abigail,1,www.myschool.com,51m
2023-02-11 14:44:30,Miguel,243,www.myschool.com,61m
2023-02-11 13:31:01,Kayla,340,www.myschool.com,17m
2023-02-11 12:20:22,Danielle,321,www.myschool.com,106m
2023-02-11 11:45:05,Angel,20,www.myschool.com,112m
2023-02-11 10:03:23,Preston,30,www.myschool.com,22m
2023-02-11 04:07:18,Natalia,379,www.myschool.com,117m
2023-02-11 01:40:34,Alejandro,393,www.myschool.com,52m
2023-02-10 22:32:18,Ashley,173,www.myschool.com,83m
2023-02-10 19:32:40,Jack,318,www.myschool.com,89m
2023-02-10 03:35:15,Aaliyah,215,www.myschool.com,6m
2023-02-09 10:22:50,Samuel,255,www.myschool.com,78m
2023-02-09 03:48:58,Kaden,44,www.myschool.com,45m
2023-02-08 15:34:09,Jared,84,www.myschool.com,109m
2023-02-08 10:36:35,Kaden,44,www.myschool.com,91m
2023-02-07 23:35:59,Aidan,235,www.myschool.com,98m
2023-02-07 19:48:06,Jayla,333,www.myschool.com,29m
2023-02-07 18:17:38,Daisy,395,www.myschool.com,47m
2023-02-07 16:56:12,Kennedy,211,www.myschool.com,41m
2023-02-07 12:52:09,Eli,297,www.myschool.com,97m
2023-02-07 04:38:27,Peyton,101,www.myschool.com,103m
2023-02-07 01:02:02,Mario,227,www.myschool.com,69m
2023-02-06 23:32:45,Emily,248,www.myschool.com,6m
2023-02-06 15:30:45,Lucas,202,www.myschool.com,68m
2023-02-06 10:18:13,Gage,69,www.myschool.com,1m
2023-02-06 07:17:02,Jordyn,124,www.myschool.com,70m
2023-02-06 02:28:45,Nathaniel,278,www.myschool.com,52m
2023-02-05 12:54:33,Marissa,370,www.myschool.com,70m
2023-02-05 01:55:42,Alexis,78,www.myschool.com,50m
2023-02-04 23:06:59,Ashton,266,www.myschool.com,17m
2023-02-04 16:08:22,Parker,62,www.myschool.com,41m
2023-02-04 08:35:49,Valerie,355,www.myschool.com,40m
2023-02-04 06:53:40,Taylor,190,www.myschool.com,116m
2023-02-04 05:24:36,Max,338,www.myschool.com,92m
2023-02-04 05:02:37,Vincent,148,www.myschool.com,44m
2023-02-03 14:27:00,Abby,260,www.myschool.com,59m
2023-02-03 11:51:28,Hayden,336,www.myschool.com,2m
2023-02-03 10:47:47,Dalton,45,www.myschool.com,26m
2023-02-03 03:12:08,Fernando,216,www.myschool.com,85m
2023-02-03 01:09:07,Stephen,258,www.myschool.com,10m
2023-02-03 00:39:53,Liam,158,www.myschool.com,77m
2023-02-02 22:27:19,Christopher,58,www.myschool.com,56m
2023-02-02 07:57:35,Erica,92,www.myschool.com,31m
2023-02-02 06:49:08,Jayla,333,www.myschool.com,49m
2023-02-02 01:12:19,Jeffrey,388,www.myschool.com,70m
2023-02-01 10:25:40,Taylor,190,www.myschool.com,101m
2023-01-31 23:03:08,Summer,89,www.myschool.com,88m
2023-01-31 22:45:45,Eric,233,www.myschool.com,84m
2023-01-31 17:11:37,Angelica,272,www.myschool.com,75m
2023-01-31 16:48:46,Ruby,282,www.myschool.com,110m
2023-01-31 12:05:28,Kaylee,48,www.myschool.com,39m
2023-01-31 11:32:16,Colby,176,www.myschool.com,21m
2023-01-31 09:17:08,Angelica,272,www.myschool.com,74m
2023-01-30 17:00:35,Adam,133,www.myschool.com,86m
2023-01-30 16:01:20,Sydney,172,www.myschool.com,60m
2023-01-30 12:04:53,Henry,307,www.myschool.com,17m
2023-01-30 09:32:44,Faith,34,www.myschool.com,6m
2023-01-30 06:53:46,Isaac,178,www.myschool.com,0m
2023-01-30 03:47:26,Kaden,44,www.myschool.com,110m
2023-01-29 11:44:41,Elizabeth,46,www.myschool.com,75m
2023-01-29 11:33:09,Mark,292,www.myschool.com,84m
2023-01-29 08:43:47,Francisco,164,www.myschool.com,7m
2023-01-29 06:18:15,Luke,177,www.myschool.com,28m
2023-01-29 03:12:10,Mya,269,www.myschool.com,95m
2023-01-29 01:57:25,Christina,54,www.myschool.com,15m
2023-01-28 23:28:34,Carter,324,www.myschool.com,72m
2023-01-28 17:26:20,Spencer,110,www.myschool.com,17m
2023-01-28 06:10:38,Abraham,228,www.myschool.com,112m
2023-01-28 02:05:27,Taylor,190,www.myschool.com,105m
2023-01-27 11:53:08,Steven,152,www.myschool.com,43m
2023-01-27 07:01:25,Parker,62,www.myschool.com,49m
2023-01-26 21:07:21,Gracie,223,www.myschool.com,18m
2023-01-26 10:38:15,Brandon,316,www.myschool.com,108m
2023-01-26 08:59:38,Alex,56,www.myschool.com,103m
2023-01-26 05:36:29,Brooke,287,www.myschool.com,19m
2023-01-25 21:04:05,Bianca,128,www.myschool.com,19m
2023-01-25 14:53:15,Justin,375,www.myschool.com,50m
2023-01-25 12:47:09,Justin,375,www.myschool.com,58m
2023-01-25 05:01:18,Wyatt,168,www.myschool.com,83m
2023-01-24 22:01:58,Erick,289,www.myschool.com,118m
2023-01-24 20:28:37,Camila,113,www.myschool.com,36m
2023-01-24 12:10:24,Autumn,188,www.myschool.com,68m
2023-01-23 13:09:30,Miranda,179,www.myschool.com,118m
2023-01-23 08:29:16,Wesley,229,www.myschool.com,119m
2023-01-23 02:04:19,Jessica,295,www.myschool.com,43m
2023-01-22 05:58:02,Autumn,188,www.myschool.com,38m
2023-01-22 04:08:00,Zachary,222,www.myschool.com,21m
2023-01-21 16:03:06,Mason,129,www.myschool.com,9m
2023-01-21 11:30:20,Cooper,194,www.myschool.com,30m
2023-01-21 07:05:38,Robert,221,www.myschool.com,3m
2023-01-20 16:25:15,Lucy,394,www.myschool.com,44m
2023-01-20 10:15:07,Jenna,383,www.myschool.com,34m
2023-01-20 05:26:08,Jordyn,124,www.myschool.com,44m
2023-01-20 04:28:55,Madeline,68,www.myschool.com,0m
2023-01-19 22:24:22,Ethan,61,www.myschool.com,92m
2023-01-19 20:45:10,Joshua,391,www.myschool.com,96m
2023-01-19 18:47:10,Autumn,188,www.myschool.com,95m
2023-01-19 16:02:01,Autumn,188,www.myschool.com,6m
2023-01-18 17:14:09,Anna,310,www.myschool.com,4m
2023-01-18 01:19:09,Parker,62,www.myschool.com,74m
2023-01-17 23:32:06,Diego,149,www.myschool.com,64m
2023-01-17 22:38:08,Riley,339,www.myschool.com,82m
2023-01-17 16:23:30,Jake,311,www.myschool.com,32m
2023-01-17 06:39:04,Emmanuel,123,www.myschool.com,31m
2023-01-17 06:00:58,Mikayla,276,www.myschool.com,74m
2023-01-17 05:28:50,Jacob,226,www.myschool.com,13m
2023-01-17 02:31:44,Shane,267,www.myschool.com,111m
2023-01-16 23:01:14,Sebastian,64,www.myschool.com,67m
2023-01-16 09:11:02,Emma,306,www.myschool.com,29m
2023-01-16 05:10:16,Gabriel,155,www.myschool.com,23m
2023-01-16 01:13:12,Bradley,37,www.myschool.com,119m
2023-01-15 08:33:19,Melissa,373,www.myschool.com,95m
2023-01-15 02:12:10,Brooke,287,www.myschool.com,50m
2023-01-15 00:13:11,Margaret,93,www.myschool.com,27m
2023-01-14 23:22:29,Sarah,51,www.myschool.com,99m
2023-01-14 18:54:05,Alexia,187,www.myschool.com,50m
2023-01-14 18:53:17,Christopher,58,www.myschool.com,105m
2023-01-14 16:49:28,Jordan,389,www.myschool.com,12m
2023-01-14 12:54:52,Collin,396,www.myschool.com,110m
2023-01-13 21:33:05,Skylar,19,www.myschool.com,1m
2023-01-13 13:16:45,Ricardo,17,www.myschool.com,6m
2023-01-13 03:17:08,Marcus,251,www.myschool.com,108m
2023-01-12 14:05:50,Kiara,400,www.myschool.com,87m
2023-01-12 07:51:22,Diana,11,www.myschool.com,114m
2023-01-12 05:37:22,Aubrey,126,www.myschool.com,10m
2023-01-12 04:09:04,Kendall,262,www.myschool.com,17m
2023-01-12 04:04:56,Leah,372,www.myschool.com,38m
2023-01-12 00:54:50,Bryce,205,www.myschool.com,77m
2023-01-11 23:45:33,Wesley,229,www.myschool.com,24m
2023-01-10 21:33:17,Cesar,24,www.myschool.com,3m
2023-01-10 05:56:46,Gracie,223,www.myschool.com,34m
2023-01-10 04:02:08,Amelia,63,www.myschool.com,24m
2023-01-09 22:36:21,Preston,30,www.myschool.com,31m
2023-01-09 19:31:07,Daniel,213,www.myschool.com,15m
2023-01-09 16:37:31,Victor,288,www.myschool.com,86m
2023-01-09 15:46:19,Claire,252,www.myschool.com,73m
2023-01-09 14:45:25,Kelly,350,www.myschool.com,23m
2023-01-09 08:26:03,Sofia,150,www.myschool.com,56m
2023-01-09 04:26:19,Giselle,132,www.myschool.com,89m
2023-01-08 23:54:17,Seth,76,www.myschool.com,34m
2023-01-08 18:57:02,Nicolas,237,www.myschool.com,74m
2023-01-08 04:48:33,Preston,30,www.myschool.com,96m
2023-01-07 23:52:04,Katherine,108,www.myschool.com,47m
2023-01-07 15:07:57,Eva,75,www.myschool.com,105m
2023-01-07 13:12:59,Nathaniel,278,www.myschool.com,66m
2023-01-07 07:21:48,Caroline,70,www.myschool.com,12m
2023-01-07 02:30:47,Peter,13,www.myschool.com,4m
2023-01-07 01:37:27,Jesus,15,www.myschool.com,47m
2023-01-07 00:46:00,Braden,104,www.myschool.com,27m
2023-01-06 21:31:38,Shawn,27,www.myschool.com,95m
2023-01-06 19:06:58,Rachel,286,www.myschool.com,22m
2023-01-06 18:06:57,Alondra,214,www.myschool.com,27m
2023-01-06 06:36:27,Kiara,400,www.myschool.com,32m
2023-01-05 22:42:28,Alan,131,www.myschool.com,51m
2023-01-05 16:52:35,Naomi,374,www.myschool.com,18m
2023-01-04 03:57:39,Jake,311,www.myschool.com,18m
2023-01-04 01:17:31,Mackenzie,347,www.myschool.com,56m
2023-01-04 00:10:59,Adam,133,www.myschool.com,49m
2023-01-03 22:49:06,Grant,57,www.myschool.com,41m
2023-01-03 19:01:13,Josiah,99,www.myschool.com,51m
2023-01-03 09:11:30,Luke,177,www.myschool.com,59m
2023-01-03 02:36:55,Jorge,145,www.myschool.com,45m
2023-01-02 21:05:11,Angel,240,www.myschool.com,80m
2023-01-02 13:14:33,Jonathan,273,www.myschool.com,21m
2023-01-02 07:30:33,Katie,94,www.myschool.com,72m
2023-01-02 02:01:22,Brandon,316,www.myschool.com,79m
2023-01-02 00:21:33,Hayden,336,www.myschool.com,102m
2023-01-01 22:15:28,Max,338,www.myschool.com,48m
2023-01-01 14:25:27,Dalton,45,www.myschool.com,89m
2023-01-01 10:42:14,Trevor,356,www.myschool.com,48m
2023-01-01 05:58:45,Katie,94,www.myschool.com,0m
2023-01-01 01:39:09,Claire,252,www.myschool.com,4m
2023-01-01 00:35:33,George,210,www.myschool.com,115m
